0.000787,87.0181,16277.3,0
0.003611,5.41649,7315.43,0
0.02317,5.41649,5852.35,0
0.027826,5.47785,4684.47,0
0.031824,5.49165,3748.26,0
0.035861,-0.78233,2684.99,0
0.039979,-0.773126,2148.44,0
0.044007,-0.760854,1719.36,0
0.047987,-0.748583,1376.11,0
0.05324,-0.739379,1101.23,0
0.057239,-0.725573,881.678,0
0.061238,-0.714835,705.879,0
0.066487,-0.702563,565.171,0
0.070487,-0.690291,452.751,0
0.075738,-0.67802,362.668,0
0.079793,-0.667282,290.671,0
0.08374,-0.65501,233.15,0
0.089116,-0.642738,186.977,0
0.093118,-0.630466,150.195,0
0.098366,-0.618194,120.623,0
0.10237,-0.607456,97.0353,0
0.106369,-0.595185,78.2419,0
0.110369,-0.585981,63.0537,0
0.114367,-0.576777,50.9034,0
0.11837,-0.566039,41.2592,0
0.122368,-0.556835,33.4677,0
0.126493,-0.547631,27.2205,0
0.130496,-0.535359,22.3895,0
0.134496,-0.523087,18.5251,0
0.138495,-0.513884,15.2804,0
0.143746,-0.500078,12.7501,0
0.147748,-0.48934,10.737,0
0.152997,-0.477068,9.05709,0
0.157126,-0.464796,7.84009,0
0.161124,-0.452524,6.88613,0
0.166499,-0.440253,5.96544,0
0.170498,-0.429515,5.30925,0
0.175752,-0.417243,4.71463,0
0.179877,-0.404971,4.3667,0
0.183881,-0.394233,4.02999,0
0.189254,-0.381961,3.68062,0
0.193253,-0.371223,3.48152,0
0.198504,-0.357418,3.31105,0
0.202627,-0.345146,3.24413,0
0.206631,-0.332874,3.20828,0
0.212008,-0.320602,3.02325,0
0.216007,-0.30833,3.03204,0
0.221257,-0.297592,2.83477,0
0.225381,-0.28532,2.86267,0
0.229383,-0.273049,2.90358,0
0.234758,-0.262311,2.72234,0
0.238757,-0.250039,2.79162,0
0.244011,-0.237767,2.70061,0
0.248134,-0.225495,2.75549,0
0.252137,-0.213223,2.81768,0
0.257585,-0.202485,2.64899,0
0.261511,-0.191748,2.66495,0
0.266764,-0.179476,2.59928,0
0.270905,-0.168738,2.60005,0
0.27489,-0.154932,2.77016,0
0.280263,-0.14266,2.67275,0
0.284266,-0.130388,2.75164,0
0.289515,-0.118117,2.66872,0
0.294019,-0.107379,2.63511,0
0.298034,-0.0951068,2.71848,0
0.303263,-0.082835,2.64425,0
0.30851,-0.0705631,2.58299,0
0.313779,-0.0567573,2.59213,0
0.319011,-0.0414175,2.65819,0
0.323011,-0.0291456,2.74014,0
0.328263,-0.0184078,2.60102,0
0.332382,-0.00613592,2.67668,0
0.337659,0.00613592,2.60849,0
0.342891,0.0214757,2.67061,0
0.346888,0.0352816,2.8273,0
0.350923,0.0460194,2.79846,0
0.35489,0.0552233,2.69885,0
0.360141,0.0674952,2.62658,0
0.364263,0.078233,2.62239,0
0.369541,0.0905049,2.56497,0
0.374772,0.104311,2.57741,0
0.378893,0.116583,2.65765,0
0.382897,0.12732,2.66234,0
0.387016,0.138058,2.65138,0
0.392029,0.15033,2.59075,0
0.396006,0.16567,2.84345,0
0.400004,0.174874,2.73507,0
0.404007,0.187146,2.80149,0
0.408007,0.19635,2.70116,0
0.412133,0.204019,2.53271,0
0.41613,0.216291,2.64007,0
0.421382,0.227029,2.52104,0
0.425391,0.240835,2.70678,0
0.430633,0.251573,2.57464,0
0.434884,0.263845,2.63707,0
0.438884,0.274583,2.64628,0
0.444137,0.286854,2.58453,0
0.448134,0.299126,2.68121,0
0.453389,0.311398,2.61211,0
0.457637,0.32367,2.66773,0
0.461639,0.335942,2.74732,0
0.46689,0.348214,2.66527,0
0.470906,0.360485,2.74565,0
0.476141,0.372757,2.66411,0
0.480387,0.383495,2.6366,0
0.484423,0.395767,2.72487,0
0.489645,0.406505,2.58772,0
0.493643,0.418777,2.68392,0
0.498891,0.431049,2.61463,0
0.501752,0.441786,2.84208,0
0.505775,0.449456,2.65516,0
0.509767,0.463262,2.81563,0
0.513769,0.472466,2.71247,0
0.51777,0.484738,2.78357,0
0.52177,0.493942,2.68693,0
0.525894,0.503146,2.5959,0
0.529896,0.515418,2.69001,0
0.535147,0.527689,2.61951,0
0.539146,0.539961,2.7092,0
0.544398,0.550699,2.57634,0
0.548644,0.562971,2.63898,0
0.55265,0.575243,2.72401,0
0.557962,0.585981,2.58556,0
0.561902,0.598253,2.68715,0
0.56715,0.60899,2.55893,0
0.57144,0.621262,2.62451,0
0.575385,0.633534,2.71536,0
0.580652,0.644272,2.58003,0
0.584637,0.656544,2.67992,0
0.58995,0.668816,2.6101,0
0.593904,0.681087,2.70168,0
0.597907,0.693359,2.77463,0
0.601907,0.702563,2.6799,0
0.605904,0.713301,2.68094,0
0.609907,0.724039,2.68125,0
0.613907,0.733243,2.60531,0
0.617907,0.745515,2.69769,0
0.621908,0.754719,2.61834,0
0.626034,0.763922,2.54092,0
0.630033,0.776194,2.64618,0
0.635285,0.79,2.64278,0
0.639284,0.802272,2.72781,0
0.644537,0.81301,2.59116,0
0.648785,0.825282,2.6507,0
0.652787,0.837554,2.734,0
0.658036,0.849825,2.65461,0
0.662039,0.860563,2.66031,0
0.667287,0.874369,2.65429,0
0.671537,0.886641,2.70106,0
0.675538,0.897379,2.69748,0
0.680809,0.909651,2.62548,0
0.684791,0.921923,2.71352,0
0.690039,0.934194,2.6384,0
0.69429,0.946466,2.68822,0
0.698291,0.958738,2.76417,0
0.703542,0.969476,2.62024,0
0.707557,0.983282,2.78735,0
0.712801,0.995554,2.6964,0
0.717044,1.00629,2.66302,0
0.721045,1.01856,2.74371,0
0.726297,1.03084,2.66238,0
0.730294,1.04311,2.7438,0
0.735547,1.05538,2.66227,0
0.739798,1.06765,2.70718,0
0.743799,1.07992,2.77919,0
0.74905,1.09066,2.63241,0
0.753049,1.10293,2.71983,0
0.758303,1.11367,2.58453,0
0.761175,1.12441,2.81539,0
0.765174,1.13361,2.7125,0
0.769177,1.14588,2.78329,0
0.773177,1.15509,2.68671,0
0.777174,1.16889,2.84,0
0.781182,1.1781,2.73185,0
0.785301,1.1873,2.63184,0
0.789303,1.19804,2.64223,0
0.794555,1.21031,2.58119,0
0.798555,1.22258,2.6784,0
0.803806,1.23485,2.61022,0
0.80805,1.24713,2.66635,0
0.81204,1.2594,2.74805,0
0.81729,1.27167,2.66594,0
0.821293,1.28394,2.7462,0
0.826542,1.29621,2.66445,0
0.829415,1.30695,2.87881,0
0.833439,1.31616,2.76141,0
0.837436,1.32843,2.82241,0
0.841442,1.33917,2.79482,0
0.845433,1.3499,2.77288,0
0.849441,1.35911,2.67839,0
0.85356,1.36831,2.58896,0
0.857569,1.38058,2.6846,0
0.862814,1.39285,2.61501,0
0.866813,1.40359,2.62876,0
0.872064,1.41586,2.57051,0
0.87631,1.42814,2.63431,0
0.880314,1.44041,2.72043,0
0.885564,1.45115,2.58541,0
0.889576,1.46342,2.68161,0
0.894824,1.47722,2.67072,0
0.899066,1.4895,2.7149,0
0.903066,1.50177,2.78536,0
0.908321,1.51404,2.69551,0
0.912318,1.52631,2.77031,0
0.917568,1.53858,2.68366,0
0.921806,1.54932,2.65379,0
0.925804,1.56159,2.73662,0
0.931073,1.57386,2.65538,0
0.935071,1.5846,2.6612,0
0.940321,1.59687,2.59645,0
0.944571,1.60915,2.65493,0
0.948573,1.62142,2.73708,0
0.953822,1.63369,2.65708,0
0.957824,1.64596,2.73925,0
0.963075,1.6567,2.60038,0
0.96732,1.67204,2.80269,0
0.971324,1.68278,2.77864,0
0.976601,1.69505,2.69166,0
0.98056,1.70732,2.76677,0
0.985811,1.71959,2.68082,0
0.989832,1.73186,2.75566,0
0.993829,1.7426,2.74155,0
0.997829,1.75334,2.73,0
1.00183,1.76254,2.6435,0
1.00583,1.77482,2.72947,0
1.00983,1.78249,2.56679,0
1.01383,1.79629,2.74407,0
1.01784,1.8055,2.65487,0
1.02196,1.8147,2.57047,0
1.02596,1.82697,2.66997,0
1.03121,1.83924,2.60348,0
1.03521,1.84998,2.61967,0
1.04046,1.86225,2.56306,0
1.0447,1.87452,2.62849,0
1.04871,1.8868,2.71547,0
1.05396,1.89907,2.64005,0
1.05796,1.90981,2.6484,0
1.06321,1.92208,2.5864,0
1.06746,1.93435,2.64675,0
1.07146,1.94662,2.73023,0
1.07671,1.95736,2.59348,0
1.08073,1.96963,2.68822,0
1.08596,1.9819,2.61799,0
1.09022,1.99418,2.67135,0
1.09422,2.00645,2.75066,0
1.09947,2.01872,2.66812,0
1.10347,2.03099,2.74794,0
1.10872,2.04173,2.60749,0
1.11297,2.054,2.66336,0
1.11697,2.06627,2.74443,0
1.12222,2.07854,2.66278,0
1.12622,2.08928,2.66738,0
1.13147,2.10155,2.60113,0
1.13572,2.11383,2.65827,0
1.13972,2.12456,2.66351,0
1.14497,2.13684,2.5984,0
1.14897,2.14911,2.69216,0
1.15422,2.16138,2.62114,0
1.15847,2.17365,2.67481,0
1.16247,2.18592,2.75283,0
1.16773,2.19819,2.6695,0
1.17172,2.20893,2.67276,0
1.17697,2.2212,2.6058,0
1.18122,2.23348,2.66227,0
1.18523,2.24575,2.7428,0
1.19048,2.25955,2.71947,0
1.19448,2.27029,2.71328,0
1.19973,2.28256,2.63812,0
1.20398,2.29637,2.76034,0
1.20798,2.30711,2.7449,0
1.21323,2.31938,2.66306,0
1.21723,2.33165,2.7445,0
1.22248,2.34392,2.66301,0
1.22673,2.35619,2.70818,0
1.23075,2.3654,2.62639,0
1.23598,2.37767,2.56861,0
1.23998,2.38994,2.66849,0
1.24523,2.40221,2.6022,0
1.24949,2.41449,2.65872,0
1.25349,2.42676,2.74086,0
1.25873,2.4375,2.60183,0
1.26274,2.44977,2.69475,0
1.26798,2.46204,2.62339,0
1.27224,2.47431,2.67567,0
1.27624,2.48658,2.75459,0
1.28149,2.49885,2.67108,0
1.28548,2.51113,2.75076,0
1.29077,2.5234,2.66811,0
1.29498,2.53567,2.71185,0
1.29899,2.54794,2.78231,0
1.30424,2.55868,2.63491,0
1.30824,2.56942,2.64482,0
1.3135,2.58169,2.58336,0
1.31762,2.59396,2.66153,0
1.32163,2.60623,2.74251,0
1.32699,2.61851,2.65072,0
1.33099,2.63078,2.73417,0
1.33626,2.64305,2.65519,0
1.34037,2.65532,2.71829,0
1.34437,2.66606,2.71153,0
1.34974,2.67833,2.62593,0
1.35375,2.6906,2.71372,0
1.359,2.70287,2.6383,0
1.36325,2.71361,2.61655,0
1.36725,2.72588,2.70637,0
1.3725,2.73816,2.63233,0
1.3765,2.74889,2.64289,0
1.38175,2.76117,2.5819,0
1.38575,2.77344,2.6788,0
1.391,2.78571,2.61045,0
1.39512,2.79798,2.6838,0
1.39912,2.80872,2.68366,0
1.4044,2.82099,2.61452,0
1.40838,2.83326,2.7046,0
1.41363,2.84553,2.63126,0
1.41788,2.85627,2.61044,0
1.42188,2.86854,2.70148,0
1.42713,2.88082,2.6286,0
1.43113,2.89309,2.71663,0
1.43638,2.90383,2.58221,0
1.44063,2.9161,2.64381,0
1.44463,2.92837,2.72788,0
1.44988,2.94064,2.6497,0
1.45388,2.95291,2.7332,0
1.45913,2.96365,2.59563,0
1.46338,2.97592,2.65414,0
1.46739,2.98973,2.81326,0
1.47264,3.00047,2.65951,0
1.47663,3.01274,2.74151,0
1.48189,3.02348,2.60203,0
1.48613,3.03575,2.6598,0
1.49014,3.04649,2.66407,0
1.49539,3.05876,2.59875,0
1.49939,3.07103,2.69244,0
1.50464,3.0833,2.62163,0
1.50889,3.09557,2.67481,0
1.51289,3.10631,2.67633,0
1.51814,3.11858,2.60865,0
1.52214,3.13085,2.70005,0
1.52739,3.14159,2.56911,0
1.53164,3.15233,2.56084,0
1.53564,3.1646,2.66196,0
1.54091,3.17687,2.5968,0
1.54489,3.18915,2.69133,0
1.55013,3.20142,2.62047,0
1.55412,3.21216,2.63516,0
1.55938,3.22443,2.57438,0
1.56351,3.2367,2.65436,0
1.56751,3.24897,2.73708,0
1.57276,3.26124,2.65699,0
1.57678,3.27198,2.66221,0
1.58203,3.28579,2.6556,0
1.58627,3.29652,2.63003,0
1.59027,3.3088,2.71762,0
1.59553,3.32107,2.64142,0
1.59952,3.33334,2.72688,0
1.60478,3.34408,2.59034,0
1.60902,3.35635,2.65017,0
1.61303,3.36862,2.73327,0
1.61827,3.37936,2.59575,0
1.62228,3.39163,2.68958,0
1.62753,3.4039,2.61926,0
1.63178,3.41618,2.67277,0
1.63578,3.42845,2.75181,0
1.64103,3.43918,2.61019,0
1.64503,3.45146,2.70236,0
1.65028,3.46373,2.62921,0
1.65453,3.47447,2.60892,0
1.65853,3.48827,2.77674,0
1.66378,3.49901,2.63053,0
1.66778,3.51128,2.71817,0
1.67302,3.52355,2.64168,0
1.67729,3.53583,2.69111,0
1.68129,3.54656,2.68951,0
1.68654,3.55884,2.6192,0
1.69054,3.57111,2.7088,0
1.69579,3.58338,2.63436,0
1.70003,3.59412,2.61316,0
1.70404,3.60639,2.70351,0
1.70929,3.62019,2.68884,0
1.71329,3.63093,2.68756,0
1.71854,3.6432,2.61764,0
1.72279,3.65548,2.67202,0
1.72679,3.66928,2.82722,0
1.73204,3.67849,2.61227,0
1.73604,3.69076,2.70371,0
1.74129,3.70303,2.63029,0
1.74555,3.71377,2.6099,0
1.74954,3.72757,2.77752,0
1.75479,3.73831,2.63108,0
1.7588,3.75058,2.7183,0
1.76404,3.76286,2.64223,0
1.76829,3.77513,2.69156,0
1.7723,3.7874,2.76622,0
1.77755,3.79967,2.68029,0
1.78155,3.81041,2.681,0
1.7868,3.82268,2.61212,0
1.79104,3.83342,2.59572,0
1.79505,3.84569,2.68941,0
1.8003,3.85796,2.61911,0
1.8043,3.8687,2.63204,0
1.80956,3.88097,2.57304,0
1.8138,3.89324,2.63621,0
1.8178,3.90398,2.64573,0
1.82305,3.91779,2.64212,0
1.82705,3.92852,2.65046,0
1.8323,3.9408,2.58804,0
1.83655,3.95307,2.6482,0
1.84055,3.96534,2.73169,0
1.84581,3.97608,2.59426,0
1.8498,3.98835,2.68916,0
1.85506,4.00216,2.67705,0
1.85918,4.01289,2.66227,0
1.86318,4.0267,2.82011,0
1.86856,4.03744,2.65564,0
1.87256,4.04971,2.7378,0
1.87781,4.06198,2.65774,0
1.88207,4.07425,2.70274,0
1.88606,4.08499,2.69976,0
1.89131,4.0988,2.68544,0
1.89531,4.11107,2.76241,0
1.90056,4.12181,2.61891,0
1.90467,4.13408,2.69028,0
1.90867,4.14635,2.76581,0
1.91405,4.15862,2.66911,0
1.91805,4.16936,2.67189,0
1.92332,4.18163,2.60492,0
1.92744,4.1939,2.67894,0
1.93144,4.20618,2.7569,0
1.93685,4.21691,2.60507,0
1.94083,4.22919,2.6975,0
1.94607,4.24146,2.62532,0
1.95007,4.25219,2.63742,0
1.95532,4.26447,2.57708,0
1.95944,4.27674,2.65681,0
1.96345,4.28901,2.73889,0
1.9687,4.30128,2.6587,0
1.9727,4.31355,2.74025,0
1.97795,4.32583,2.65952,0
1.98222,4.3381,2.70564,0
1.9862,4.34884,2.70087,0
1.99145,4.36111,2.62802,0
1.99545,4.37338,2.71631,0
2.00072,4.38412,2.58196,0
2.00495,4.39792,2.71587,0
2.00895,4.40866,2.70919,0
2.0142,4.42093,2.63467,0
2.0182,4.43167,2.64436,0
2.02345,4.44394,2.58317,0
2.0277,4.45621,2.64444,0
2.0317,4.46849,2.72854,0
2.03696,4.48076,2.64944,0
2.04097,4.49303,2.73284,0
2.04621,4.50377,2.59586,0
2.05045,4.51911,2.79942,0
2.05446,4.52985,2.77602,0
2.05971,4.54212,2.68823,0
2.06371,4.55439,2.76387,0
2.06896,4.56513,2.62032,0
2.07321,4.5774,2.67375,0
2.07721,4.58967,2.75229,0
2.08246,4.60194,2.66924,0
2.08646,4.61575,2.82552,0
2.09171,4.62649,2.66948,0
2.09596,4.63876,2.71349,0
2.09996,4.65103,2.78377,0
2.10521,4.6633,2.69443,0
2.10925,4.67557,2.76988,0
2.11446,4.68785,2.68278,0
2.11871,4.70012,2.72413,0
2.12271,4.71086,2.71593,0
2.12796,4.72313,2.64007,0
2.13196,4.7354,2.72565,0
2.13721,4.74767,2.64802,0
2.14146,4.75841,2.62397,0
2.14547,4.77221,2.7886,0
2.15073,4.78295,2.63995,0
2.15472,4.79676,2.80242,0
2.15997,4.8075,2.65085,0
2.16422,4.8213,2.77052,0
2.16822,4.83204,2.75291,0
2.17346,4.84431,2.67106,0
2.17747,4.85505,2.67147,0
2.18272,4.86732,2.60468,0
2.18685,4.87959,2.67903,0
2.19087,4.89033,2.67998,0
2.19623,4.9026,2.60036,0
2.20022,4.91641,2.77093,0
2.20548,4.92868,2.68415,0
2.20961,4.94249,2.81686,0
2.2136,4.95322,2.79025,0
2.21898,4.9655,2.68883,0
2.22296,4.97777,2.7665,0
2.22823,4.99004,2.67928,0
2.23248,5.00231,2.7212,0
2.23648,5.01305,2.71356,0
2.24174,5.02532,2.63835,0
2.24573,5.03759,2.72427,0
2.25101,5.04986,2.64674,0
2.25511,5.06214,2.71254,0
2.25911,5.07287,2.70666,0
2.26448,5.08515,2.62195,0
2.26848,5.09742,2.71131,0
2.27374,5.10969,2.63646,0
2.27786,5.12043,2.62967,0
2.28186,5.13423,2.79454,0
2.28723,5.14651,2.69218,0
2.29124,5.15878,2.76627,0
2.29649,5.16798,2.56377,0
2.30049,5.18179,2.74129,0
2.30575,5.19252,2.60201,0
2.30986,5.2048,2.67704,0
2.31387,5.21707,2.75446,0
2.31911,5.22934,2.67125,0
2.32312,5.24161,2.75013,0
2.32836,5.25388,2.6677,0
2.33261,5.26462,2.63983,0
2.33661,5.27689,2.72484,0
2.34187,5.28917,2.64729,0
2.34587,5.30144,2.73142,0
2.35112,5.31371,2.65228,0
2.35537,5.32445,2.62714,0
2.35937,5.33672,2.71546,0
2.36462,5.34899,2.64005,0
2.36862,5.35973,2.64864,0
2.37387,5.37353,2.64485,0
2.37812,5.38427,2.62131,0
2.38212,5.39654,2.71034,0
2.38737,5.40882,2.63568,0
2.39137,5.42109,2.72198,0
2.39662,5.43183,2.58665,0
2.40076,5.4441,2.66403,0
2.40475,5.45637,2.74497,0
2.41012,5.46864,2.65252,0
2.41412,5.48091,2.73546,0
2.41937,5.49319,2.65578,0
2.4235,-0.779262,-301.994,0
2.4275,-0.76699,-240.982,0
2.43288,-0.754719,-192.329,0
2.43687,-0.742447,-153.249,0
2.44213,-0.730175,-122.132,0
2.44625,-0.719437,-97.1849,0
2.45026,-0.707165,-77.1348,0
2.45313,-0.697961,-61.0676,0
2.45713,-0.688757,-48.394,0
2.46113,-0.67802,-38.1782,0
2.46513,-0.667282,-30.0058,0
2.46913,-0.65501,-23.3907,0
2.47313,-0.64734,-18.3292,0
2.47838,-0.635068,-14.1958,0
2.48239,-0.622796,-10.7434,0
2.48762,-0.610524,-8.12596,0
2.49164,-0.599787,-5.96588,0
2.49564,-0.589049,-4.23595,0
2.49963,-0.578311,-2.85173,0
2.50364,-0.567573,-1.74489,0
2.50764,-0.556835,-0.858887,0
2.51164,-0.547631,-0.227374,0
2.51564,-0.535359,0.432306,0
2.51964,-0.526155,0.80581,0
2.52376,-0.516952,1.09122,0
2.52776,-0.50468,1.48611,0
2.53302,-0.492408,1.65621,0
2.53701,-0.480136,1.93856,0
2.54227,-0.469398,1.95968,0
2.54651,-0.457126,2.14592,0
2.55052,-0.444854,2.32972,0
2.55577,-0.432583,2.33127,0
2.55977,-0.420311,2.47876,0
2.56502,-0.408039,2.45033,0
2.56927,-0.395767,2.53763,0
2.57327,-0.385029,2.56686,0
2.57852,-0.372757,2.52099,0
2.58252,-0.360485,2.63038,0
2.58777,-0.348214,2.57181,0
2.59065,-0.337476,2.80417,0
2.59465,-0.328272,2.70353,0
2.59865,-0.316,2.77611,0
2.60265,-0.306796,2.68097,0
2.60665,-0.294524,2.75867,0
2.61065,-0.286854,2.59034,0
2.61478,-0.276117,2.59251,0
2.61878,-0.265379,2.61104,0
2.62403,-0.253107,2.55615,0
2.62802,-0.240835,2.65882,0
2.63328,-0.228563,2.59438,0
2.63752,-0.216291,2.65341,0
2.64153,-0.204019,2.73586,0
2.64678,-0.194816,2.53918,0
2.65079,-0.18101,2.72198,0
2.65608,-0.168738,2.64473,0
2.66028,-0.158,2.62169,0
2.66428,-0.145728,2.71033,0
2.66953,-0.133456,2.63567,0
2.67353,-0.121184,2.72213,0
2.67878,-0.108913,2.64503,0
2.68291,-0.0981748,2.63664,0
2.68691,-0.0859029,2.72275,0
2.69229,-0.0736311,2.63492,0
2.69628,-0.0628932,2.64456,0
2.70153,-0.0506214,2.58323,0
2.70553,-0.0383495,2.68018,0
2.70953,-0.0260777,2.75758,0
2.71354,-0.0153398,2.74269,0
2.71754,-0.00613592,2.65412,0
2.72154,0.00613592,2.73689,0
2.72554,0.0153398,2.64993,0
2.72954,0.0276117,2.73323,0
2.73354,0.0368155,2.64667,0
2.73767,0.0475534,2.63833,0
2.74166,0.0582913,2.64716,0
2.74691,0.0705631,2.58523,0
2.75093,0.081301,2.6028,0
2.75618,0.0935728,2.55045,0
2.76042,0.104311,2.54663,0
2.76442,0.116583,2.65043,0
2.76967,0.130388,2.64638,0
2.77367,0.141126,2.65373,0
2.77892,0.153398,2.59057,0
2.7818,0.164136,2.81866,0
2.78585,0.17334,2.71535,0
2.7898,0.185612,2.78572,0
2.79381,0.194816,2.68854,0
2.7978,0.205553,2.68773,0
2.80181,0.214757,2.61049,0
2.80592,0.223961,2.53497,0
2.80993,0.236233,2.64065,0
2.81517,0.248505,2.58011,0
2.81917,0.259243,2.60098,0
2.82443,0.271515,2.5481,0
2.8273,0.282252,2.7852,0
2.8313,0.289922,2.61176,0
2.8353,0.303728,2.77952,0
2.8393,0.312932,2.68381,0
2.8433,0.325204,2.76049,0
2.8473,0.335942,2.74515,0
2.85142,0.345146,2.64269,0
2.85543,0.355884,2.65078,0
2.8607,0.368155,2.58803,0
2.86468,0.380427,2.68371,0
2.86993,0.392699,2.61438,0
2.87418,0.404971,2.669,0
2.87824,0.415709,2.67143,0
2.88344,0.427981,2.60446,0
2.88743,0.438719,2.62154,0
2.89269,0.45099,2.56402,0
2.89693,0.461728,2.55736,0
2.90095,0.474,2.65627,0
2.90619,0.486272,2.59395,0
2.91019,0.500078,2.76579,0
2.91544,0.51235,2.68005,0
2.91831,0.523087,2.89076,0
2.92232,0.532291,2.77257,0
2.92631,0.543029,2.75508,0
2.93031,0.552233,2.66415,0
2.93431,0.564505,2.74506,0
2.93831,0.573709,2.6559,0
2.94244,0.582913,2.57151,0
2.94644,0.593651,2.5933,0
2.95169,0.604388,2.48386,0
2.95569,0.61666,2.60037,0
2.96094,0.628932,2.54779,0
2.96519,0.641204,2.61614,0
2.96919,0.653476,2.70589,0
2.97444,0.664214,2.57378,0
2.97843,0.676486,2.67231,0
2.98368,0.690291,2.66398,0
2.98768,0.702563,2.74417,0
2.9917,0.713301,2.73222,0
2.9957,0.724039,2.72254,0
2.9997,0.733243,2.63857,0
3.0037,0.743981,2.64748,0
3.0077,0.753185,2.57818,0
3.0117,0.765456,2.67614,0
3.0157,0.77466,2.60087,0
3.01982,0.785398,2.60132,0
3.02382,0.79767,2.69465,0
3.02908,0.809942,2.62313,0
3.03308,0.822214,2.71179,0
3.03833,0.834486,2.63693,0
3.0412,0.845223,2.85678,0
3.0452,0.854427,2.74551,0
3.0492,0.866699,2.80984,0
3.0532,0.875903,2.70819,0
3.05721,0.888175,2.77968,0
3.06119,0.897379,2.68567,0
3.06533,0.908117,2.66765,0
3.06933,0.918855,2.67048,0
3.07459,0.931126,2.60361,0
3.07858,0.941864,2.62019,0
3.08383,0.954136,2.56356,0
3.08808,0.966408,2.62875,0
3.09209,0.97868,2.71568,0
3.09733,0.992486,2.69878,0
3.10134,1.00476,2.772,0
3.10658,1.0155,2.62682,0
3.1109,1.02777,2.6795,0
3.11484,1.04004,2.75612,0
3.12009,1.05231,2.67248,0
3.12409,1.06458,2.75127,0
3.12932,1.07532,2.61024,0
3.13333,1.08759,2.70132,0
3.13731,1.09986,2.77696,0
3.14007,1.106,2.66556,0
3.14407,1.11674,2.66947,0
3.14808,1.12594,2.59542,0
3.15209,1.13821,2.68993,0
3.15634,1.14742,2.58548,0
3.16034,1.15969,2.68152,0
3.16559,1.17196,2.61253,0
3.16959,1.18423,2.70362,0
3.17484,1.19651,2.63022,0
3.17897,1.20878,2.69903,0
3.18297,1.21951,2.69598,0
3.18834,1.23179,2.6135,0
3.19234,1.24406,2.70424,0
3.1976,1.25633,2.6308,0
3.20173,1.2686,2.69978,0
3.20571,1.28087,2.77311,0
3.20859,1.28854,2.75205,0
3.2126,1.29775,2.66172,0
3.21658,1.31002,2.74297,0
3.2206,1.31922,2.65457,0
3.2246,1.3315,2.7371,0
3.2286,1.3407,2.64987,0
3.23386,1.35297,2.58722,0
3.23785,1.36524,2.68367,0
3.2431,1.37598,2.55569,0
3.24723,1.38825,2.63984,0
3.25123,1.40052,2.7247,0
3.2566,1.4128,2.63664,0
3.2606,1.42507,2.7229,0
3.26586,1.43734,2.64582,0
3.26998,1.44808,2.63716,0
3.27401,1.46035,2.72347,0
3.27936,1.47262,2.63523,0
3.28335,1.48643,2.79917,0
3.2886,1.49717,2.64832,0
3.29261,1.51097,2.80791,0
3.29786,1.52324,2.71401,0
3.30198,1.53398,2.69208,0
3.30599,1.54472,2.68989,0
3.31124,1.55852,2.67785,0
3.31523,1.5708,2.75572,0
3.32049,1.58153,2.61371,0
3.32473,1.59227,2.59664,0
3.32873,1.60454,2.69029,0
3.33399,1.61682,2.61947,0
3.33799,1.62909,2.70932,0
3.34324,1.64136,2.63468,0
3.34748,1.65363,2.68593,0
3.35149,1.6659,2.76157,0
3.35674,1.67971,2.73539,0
3.36076,1.69045,2.72507,0
3.366,1.70272,2.64872,0
3.37024,1.71499,2.69498,0
3.37424,1.72726,2.76896,0
3.37949,1.738,2.62408,0
3.38349,1.75027,2.71316,0
3.38874,1.76254,2.63785,0
3.39298,1.77482,2.68982,0
3.39702,1.78555,2.68675,0
3.40223,1.79936,2.67514,0
3.40623,1.8101,2.67686,0
3.41149,1.82237,2.60881,0
3.41437,1.83311,2.83455,0
3.41837,1.84231,2.72772,0
3.42237,1.85458,2.79577,0
3.42637,1.86532,2.77337,0
3.43037,1.87606,2.75573,0
3.43437,1.88526,2.66466,0
3.43856,1.89447,2.57711,0
3.4425,1.90674,2.67636,0
3.44776,1.91901,2.6085,0
3.45175,1.92975,2.62356,0
3.457,1.94202,2.56625,0
3.46125,1.95429,2.63078,0
3.46525,1.96656,2.71775,0
3.4705,1.97884,2.64179,0
3.4745,1.99111,2.72687,0
3.47976,2.00338,2.64881,0
3.48401,2.01565,2.69628,0
3.488,2.02639,2.69405,0
3.49325,2.03866,2.62257,0
3.49725,2.05093,2.71165,0
3.50251,2.0632,2.63664,0
3.50663,2.07394,2.63032,0
3.51062,2.08775,2.79453,0
3.51349,2.09542,2.76919,0
3.51754,2.10462,2.67509,0
3.52151,2.11689,2.75397,0
3.52554,2.12456,2.58629,0
3.52951,2.13684,2.68309,0
3.53351,2.14604,2.60655,0
3.53876,2.15985,2.61118,0
3.54276,2.17212,2.70268,0
3.54801,2.18285,2.57105,0
3.55214,2.19513,2.65184,0
3.55617,2.2074,2.73507,0
3.56026,2.21814,2.70855,0
3.56439,2.22581,2.5389,0
3.56839,2.23808,2.64441,0
3.57256,2.24728,2.56156,0
3.57652,2.26109,2.73936,0
3.58064,2.27029,2.63773,0
3.58464,2.28256,2.72378,0
3.58864,2.29637,2.86897,0
3.59264,2.30404,2.67887,0
3.59789,2.31631,2.61042,0
3.6019,2.32858,2.70193,0
3.60715,2.34085,2.62877,0
3.61115,2.35313,2.71676,0
3.61639,2.36386,2.58239,0
3.62044,2.3746,2.60268,0
3.62438,2.38687,2.69589,0
3.62726,2.39454,2.69046,0
3.63126,2.40375,2.61233,0
3.63526,2.41602,2.70361,0
3.63926,2.42522,2.62284,0
3.64326,2.4375,2.71156,0
3.64726,2.4467,2.62945,0
3.65251,2.45744,2.5127,0
3.65652,2.47124,2.69976,0
3.66177,2.48352,2.62722,0
3.66577,2.49579,2.71598,0
3.67101,2.50806,2.6401,0
3.67514,2.5188,2.63283,0
3.67914,2.53107,2.71955,0
3.68438,2.54334,2.64421,0
3.68844,2.55561,2.72334,0
3.69366,2.56788,2.64823,0
3.6979,2.58016,2.69799,0
3.70191,2.59089,2.69261,0
3.70714,2.60317,2.62328,0
3.71115,2.6139,2.63499,0
3.71641,2.62771,2.63283,0
3.72052,2.63998,2.703,0
3.72458,2.65072,2.69729,0
3.72863,2.66299,2.755,0
3.73277,2.67066,2.57453,0
3.73676,2.68293,2.67521,0
3.74092,2.69214,2.58277,0
3.7449,2.70441,2.68289,0
3.74904,2.71361,2.59246,0
3.75303,2.72588,2.6874,0
3.75701,2.73816,2.76567,0
3.76106,2.74736,2.66773,0
3.76629,2.75656,2.48648,0
3.77029,2.76884,2.60323,0
3.77555,2.78111,2.54964,0
3.77954,2.79185,2.57728,0
3.78478,2.80565,2.58897,0
3.78879,2.81639,2.60606,0
3.7928,2.82866,2.69814,0
3.79815,2.84093,2.6165,0
3.80216,2.8532,2.70632,0
3.80742,2.86394,2.57327,0
3.81142,2.87621,2.67205,0
3.81667,2.88849,2.60505,0
3.8208,2.90076,2.68122,0
3.82478,2.91303,2.75567,0
3.83002,2.92377,2.61492,0
3.83404,2.93604,2.70308,0
3.83928,2.94831,2.62996,0
3.84352,2.95905,2.61071,0
3.84757,2.97132,2.69911,0
3.8528,2.98513,2.68553,0
3.85679,2.99586,2.68761,0
3.86204,3.00814,2.61617,0
3.86615,3.02041,2.68995,0
3.87016,3.03268,2.76357,0
3.87554,3.04342,2.61025,0
3.87955,3.05416,2.62496,0
3.8848,3.06643,2.56756,0
3.88906,3.0787,2.63141,0
3.89306,3.09097,2.71796,0
3.89829,3.10171,2.58467,0
3.90231,3.11398,2.67934,0
3.90756,3.12779,2.66921,0
3.91168,3.14006,2.73023,0
3.91568,3.14926,2.64461,0
3.92106,3.16153,2.57223,0
3.92505,3.17381,2.67353,0
3.93032,3.18608,2.60445,0
3.93456,3.19835,2.66202,0
3.93857,3.20909,2.66557,0
3.94384,3.22289,2.6603,0
3.94781,3.23363,2.66287,0
3.95307,3.24437,2.5392,0
3.95731,3.25818,2.68151,0
3.96132,3.26891,2.68156,0
3.96655,3.28118,2.61417,0
3.97057,3.29346,2.70249,0
3.97582,3.30573,2.62958,0
3.97992,3.318,2.70083,0
3.98398,3.33027,2.77136,0
3.98805,3.34101,2.73987,0
3.99219,3.35021,2.63664,0
3.99619,3.36249,2.72274,0
4.00032,3.37169,2.62433,0
4.00432,3.38243,2.63596,0
4.00848,3.39163,2.55545,0
4.0125,3.4039,2.65704,0
4.0165,3.41618,2.73953,0
4.02045,3.42538,2.65193,0
4.02568,3.43612,2.53163,0
4.0297,3.44839,2.63674,0
4.03495,3.46066,2.57654,0
4.03895,3.47293,2.67544,0
4.0442,3.4852,2.60741,0
4.04831,3.49748,2.68353,0
4.05231,3.50821,2.68345,0
4.05756,3.51895,2.55583,0
4.06162,3.53122,2.65549,0
4.06683,3.5435,2.59198,0
4.07097,3.55577,2.66701,0
4.07496,3.56804,2.74843,0
4.08031,3.58031,2.65682,0
4.08433,3.59258,2.7363,0
4.08958,3.60486,2.65663,0
4.09383,3.61559,2.63084,0
4.09784,3.62786,2.71812,0
4.10308,3.64014,2.64164,0
4.10712,3.65241,2.72706,0
4.11234,3.66468,2.64915,0
4.11646,3.67542,2.63982,0
4.12044,3.68769,2.72776,0
4.12334,3.69536,2.71261,0
4.12733,3.70456,2.63052,0
4.13259,3.71684,2.57147,0
4.13659,3.72911,2.67077,0
4.14057,3.73985,2.67594,0
4.14457,3.75058,2.67751,0
4.14859,3.76132,2.67676,0
4.15259,3.77206,2.67817,0
4.15784,3.7828,2.55175,0
4.16185,3.79507,2.65438,0
4.16709,3.80734,2.59109,0
4.17121,3.81961,2.66831,0
4.17522,3.83035,2.67074,0
4.18047,3.84262,2.60409,0
4.18447,3.85336,2.62057,0
4.18972,3.86563,2.56359,0
4.19398,3.8779,2.62851,0
4.19797,3.88864,2.63984,0
4.20322,3.90091,2.57919,0
4.2072,3.91319,2.6791,0
4.21247,3.92546,2.60945,0
4.21672,3.93773,2.6656,0
4.22079,3.95,2.74105,0
4.22598,3.96227,2.66275,0
4.22996,3.97301,2.66912,0
4.23522,3.98528,2.60146,0
4.23947,3.99602,2.5866,0
4.24348,4.00983,2.75853,0
4.24872,4.02056,2.61612,0
4.25271,4.03437,2.78544,0
4.25799,4.04511,2.63609,0
4.26222,4.05891,2.75933,0
4.26621,4.06965,2.7457,0
4.27152,4.08192,2.663,0
4.27548,4.09419,2.74353,0
4.28073,4.10493,2.60498,0
4.28485,4.1172,2.67683,0
4.28884,4.12948,2.75737,0
4.29423,4.14328,2.71789,0
4.29823,4.15402,2.71107,0
4.30348,4.16629,2.63634,0
4.30761,4.17856,2.70393,0
4.31161,4.19084,2.77704,0
4.31698,4.20157,2.62103,0
4.32099,4.21385,2.71012,0
4.32623,4.22458,2.57723,0
4.33036,4.23839,2.73132,0
4.33436,4.24913,2.72182,0
4.33974,4.2614,2.63391,0
4.34373,4.27214,2.64429,0
4.34899,4.28594,2.64127,0
4.35297,4.29821,2.72861,0
4.35822,4.30895,2.59195,0
4.36235,4.32276,2.74294,0
4.36637,4.3335,2.72882,0
4.37162,4.34577,2.65055,0
4.3756,4.35651,2.65949,0
4.38089,4.36878,2.59359,0
4.38511,4.38105,2.65305,0
4.38911,4.39332,2.73542,0
4.39437,4.40559,2.65557,0
4.39837,4.41786,2.7379,0
4.40362,4.43014,2.658,0
4.40787,4.44087,2.63195,0
4.41187,4.45315,2.71808,0
4.41712,4.46542,2.64241,0
4.42112,4.47769,2.72691,0
4.42637,4.48996,2.64929,0
4.43061,4.50223,2.69732,0
4.43462,4.51604,2.84746,0
4.43986,4.52831,2.74654,0
4.44387,4.53905,2.73185,0
4.44911,4.55132,2.65441,0
4.45312,4.56206,2.65855,0
4.45836,4.57433,2.59541,0
4.4625,4.5866,2.66918,0
4.4665,4.59887,2.74893,0
4.47175,4.61115,2.66638,0
4.47575,4.62342,2.74701,0
4.481,4.63722,2.72334,0
4.48525,4.64796,2.68399,0
4.48925,4.66023,2.76109,0
4.49453,4.67251,2.67573,0
4.49853,4.68478,2.75464,0
4.50376,4.69705,2.67112,0
4.50801,4.70779,2.64257,0
4.51327,4.72006,2.58084,0
4.51726,4.7354,2.83282,0
4.52126,4.7446,2.72634,0
4.52649,4.75534,2.59123,0
4.53077,4.76915,2.72038,0
4.53476,4.78142,2.78913,0
4.54001,4.79216,2.64037,0
4.54399,4.80443,2.72851,0
4.54926,4.8167,2.64906,0
4.55351,4.82897,2.69634,0
4.55751,4.83971,2.69424,0
4.56276,4.85198,2.62296,0
4.56675,4.86425,2.71381,0
4.57202,4.87652,2.63686,0
4.57626,4.8888,2.6874,0
4.58025,4.89953,2.6887,0
4.58552,4.91334,2.6751,0
4.58951,4.92561,2.75444,0
4.59475,4.93788,2.67213,0
4.59902,4.94862,2.64112,0
4.60302,4.96243,2.80319,0
4.60827,4.9747,2.70987,0
4.61227,4.98697,2.78103,0
4.61751,4.99771,2.63412,0
4.62175,5.00998,2.68532,0
4.62576,5.02225,2.76078,0
4.63101,5.03452,2.67728,0
4.635,5.0468,2.75588,0
4.64025,5.05753,2.61361,0
4.64451,5.06981,2.66853,0
4.64853,5.08208,2.74567,0
4.65377,5.09435,2.6643,0
4.65776,5.10509,2.66995,0
4.66302,5.11889,2.6605,0
4.66727,5.12963,2.63383,0
4.67253,5.1419,2.57403,0
4.67653,5.15571,2.74969,0
4.68053,5.16645,2.73665,0
4.68578,5.17719,2.5983,0
4.68989,5.18946,2.67594,0
4.69389,5.20173,2.75419,0
4.69926,5.214,2.65998,0
4.70328,5.22627,2.73944,0
4.70853,5.23701,2.60054,0
4.71278,5.24928,2.65766,0
4.71678,5.26002,2.66275,0
4.72204,5.27229,2.59779,0
4.72603,5.28456,2.69183,0
4.73128,5.29684,2.62096,0
4.73539,5.30911,2.69365,0
4.73941,5.32138,2.76638,0
4.74479,5.33365,2.66922,0
4.74878,5.34439,2.67294,0
4.75405,5.35666,2.60557,0
4.75816,5.36893,2.67974,0
4.76217,5.37967,2.67989,0
4.76752,5.39194,2.60216,0
4.77279,5.40421,2.54781,0
4.77679,5.41955,2.80466,0
4.78093,5.42876,2.68847,0
4.78491,5.44103,2.76683,0
4.79027,5.4533,2.6712,0
4.79429,5.46557,2.74826,0
4.79961,5.47631,2.6055,0
4.80354,5.48858,2.70217,0
4.80754,-0.78233,-311.149,0
4.81154,-0.771592,-248.382,0
4.81554,-0.762388,-198.245,0
4.81954,-0.750117,-157.983,0
4.82355,-0.740913,-125.926,0
4.82755,-0.730175,-100.204,0
4.83155,-0.719437,-79.6265,0
4.83567,-0.710233,-63.2547,0
4.83966,-0.699495,-50.0652,0
4.84491,-0.687223,-39.5848,0
4.84892,-0.674952,-31.0567,0
4.85418,-0.661146,-24.3196,0
4.85843,-0.650408,-18.9501,0
4.86243,-0.638136,-14.5468,0
4.86767,-0.625864,-11.1698,0
4.87168,-0.613592,-8.32238,0
4.87693,-0.601321,-6.19076,0
4.8798,-0.590583,-4.20537,0
4.88381,-0.584447,-3.05765,0
4.8878,-0.570641,-1.75531,0
4.8918,-0.561437,-0.944172,0
4.8958,-0.550699,-0.218308,0
4.89981,-0.541495,0.285089,0
4.90393,-0.532291,0.674319,0
4.90793,-0.52002,1.15305,0
4.91317,-0.506214,1.44978,0
4.91718,-0.495476,1.69458,0
4.92243,-0.483204,1.82334,0
4.92531,-0.472466,2.20514,0
4.92931,-0.463262,2.22407,0
4.93331,-0.45099,2.39331,0
4.93731,-0.441786,2.37484,0
4.94129,-0.431049,2.43838,0
4.94531,-0.420311,2.48533,0
4.94943,-0.411107,2.43484,0
4.95344,-0.400369,2.48463,0
4.95869,-0.388097,2.45493,0
4.96269,-0.375825,2.57754,0
4.96794,-0.363553,2.52944,0
4.97217,-0.351282,2.60351,0
4.97619,-0.33901,2.6935,0
4.98148,-0.328272,2.56386,0
4.98542,-0.314466,2.74173,0
4.99071,-0.303728,2.60197,0
4.99492,-0.291456,2.66181,0
4.99894,-0.280719,2.6642,0
5.00418,-0.268447,2.60002,0
5.00819,-0.256175,2.69101,0
5.01344,-0.243903,2.6204,0
5.01632,-0.233165,2.84356,0
5.02032,-0.223961,2.7347,0
5.02432,-0.210155,2.8784,0
5.02832,-0.202485,2.68612,0
5.0323,-0.191748,2.68754,0
5.03632,-0.182544,2.60862,0
5.04044,-0.17334,2.53336,0
5.04444,-0.161068,2.63997,0
5.0497,-0.148796,2.5793,0
5.05368,-0.136524,2.67919,0
5.05895,-0.125786,2.55101,0
5.06183,-0.115049,2.78753,0
5.06581,-0.105845,2.69207,0
5.06983,-0.0935728,2.76511,0
5.07381,-0.0843689,2.67378,0
5.07781,-0.0720971,2.75277,0
5.08183,-0.0628932,2.66035,0
5.08583,-0.0536893,2.58859,0
5.08981,-0.0414175,2.68677,0
5.09269,-0.0337476,2.68298,0
5.09669,-0.0245437,2.60497,0
5.10071,-0.0122718,2.69726,0
5.10471,-0.00306796,2.61743,0
5.10994,0.00920388,2.56305,0
5.11395,0.0214757,2.66403,0
5.11796,0.0337476,2.74237,0
5.12196,0.0429515,2.65409,0
5.12722,0.0536893,2.53234,0
5.13144,0.0659612,2.60555,0
5.13546,0.078233,2.69513,0
5.14073,0.0905049,2.62369,0
5.14471,0.101243,2.63558,0
5.14996,0.113515,2.57587,0
5.15409,0.125786,2.65628,0
5.15809,0.138058,2.73769,0
5.16346,0.15033,2.64712,0
5.16745,0.162602,2.73314,0
5.17271,0.174874,2.65259,0
5.17684,0.187146,2.71736,0
5.18086,0.19635,2.63408,0
5.18622,0.208621,2.56355,0
5.19021,0.220893,2.66489,0
5.19547,0.231631,2.54066,0
5.19972,0.243903,2.61017,0
5.20372,0.256175,2.70157,0
5.20897,0.268447,2.62858,0
5.21298,0.279185,2.63949,0
5.21821,0.291456,2.58043,0
5.22222,0.303728,2.6761,0
5.2262,0.316,2.75663,0
5.23022,0.326738,2.74032,0
5.23422,0.337476,2.72888,0
5.23827,0.348214,2.7196,0
5.24222,0.357418,2.63622,0
5.24621,0.369689,2.72472,0
5.25021,0.378893,2.63997,0
5.25435,0.388097,2.5565,0
5.25835,0.400369,2.65818,0
5.2636,0.411107,2.53553,0
5.2676,0.423379,2.64263,0
5.27285,0.435651,2.58151,0
5.27571,0.446388,2.81611,0
5.27971,0.455592,2.71285,0
5.28371,0.467864,2.78387,0
5.28771,0.477068,2.68706,0
5.29173,0.48934,2.7605,0
5.29571,0.498544,2.67067,0
5.29984,0.507748,2.58289,0
5.30385,0.52002,2.67731,0
5.30909,0.532291,2.61069,0
5.3131,0.544563,2.6997,0
5.31835,0.556835,2.62726,0
5.3226,0.567573,2.60723,0
5.3266,0.579845,2.69892,0
5.33186,0.590583,2.56804,0
5.33586,0.602854,2.66849,0
5.34111,0.613592,2.54377,0
5.34398,0.62433,2.782,0
5.34798,0.633534,2.68579,0
5.35198,0.645806,2.76192,0
5.35598,0.65501,2.66973,0
5.35999,0.667282,2.74892,0
5.36398,0.676486,2.65956,0
5.36799,0.685689,2.58796,0
5.37198,0.699495,2.76048,0
5.37736,0.710233,2.60786,0
5.38136,0.724039,2.77658,0
5.38661,0.734777,2.63025,0
5.39087,0.745515,2.60975,0
5.39486,0.757787,2.70093,0
5.40011,0.770058,2.62824,0
5.40411,0.78233,2.71603,0
5.40936,0.796136,2.69876,0
5.41362,0.806874,2.66408,0
5.41761,0.819146,2.74501,0
5.42287,0.831418,2.66333,0
5.42686,0.843689,2.74441,0
5.4321,0.854427,2.60553,0
5.43612,0.868233,2.77248,0
5.44016,0.880505,2.83127,0
5.44412,0.889709,2.72532,0
5.44812,0.898913,2.64034,0
5.45212,0.911185,2.72525,0
5.45612,0.920389,2.64074,0
5.46012,0.93266,2.72618,0
5.46412,0.941864,2.64114,0
5.46825,0.951068,2.55862,0
5.47225,0.96334,2.66049,0
5.4775,0.975612,2.59616,0
5.4815,0.987884,2.69036,0
5.48675,1.00169,2.67793,0
5.491,1.01396,2.72039,0
5.495,1.0247,2.71293,0
5.50025,1.03697,2.63776,0
5.50425,1.04924,2.7238,0
5.5095,1.05998,2.58802,0
5.51238,1.07072,2.81688,0
5.51638,1.07992,2.71382,0
5.52038,1.09066,2.70781,0
5.52438,1.1014,2.70287,0
5.52838,1.11214,2.69919,0
5.53236,1.12287,2.69813,0
5.53649,1.13208,2.60486,0
5.54049,1.14435,2.69702,0
5.54575,1.15662,2.62396,0
5.54976,1.16889,2.71261,0
5.55501,1.18117,2.63732,0
5.55925,1.1919,2.61564,0
5.56326,1.20417,2.70565,0
5.56851,1.21645,2.63193,0
5.57251,1.22872,2.71929,0
5.57776,1.23946,2.58434,0
5.58201,1.25173,2.64565,0
5.58602,1.264,2.72934,0
5.59127,1.27781,2.70991,0
5.59526,1.28854,2.70389,0
5.60051,1.30082,2.63052,0
5.60476,1.31309,2.68205,0
5.60876,1.32536,2.75923,0
5.61401,1.33763,2.67471,0
5.61802,1.3499,2.75305,0
5.62326,1.36217,2.67083,0
5.62751,1.37291,2.64127,0
5.63152,1.38518,2.72599,0
5.63677,1.39592,2.58978,0
5.64078,1.40819,2.68557,0
5.64602,1.42047,2.61578,0
5.65027,1.43274,2.67025,0
5.65427,1.44348,2.67256,0
5.65952,1.45575,2.60573,0
5.66352,1.46955,2.7747,0
5.66877,1.48183,2.68717,0
5.6729,1.4941,2.74473,0
5.67689,1.50637,2.80954,0
5.68227,1.51864,2.704,0
5.68627,1.53091,2.77695,0
5.69152,1.54318,2.68897,0
5.69565,1.55392,2.67179,0
5.69965,1.56619,2.75103,0
5.70253,1.57386,2.73401,0
5.70652,1.58307,2.64752,0
5.71053,1.59534,2.7313,0
5.71453,1.60301,2.56844,0
5.71852,1.61528,2.66865,0
5.72253,1.62602,2.67115,0
5.72778,1.63676,2.54613,0
5.73178,1.64903,2.65019,0
5.73703,1.6613,2.58783,0
5.74103,1.67511,2.75987,0
5.74503,1.68738,2.82194,0
5.74903,1.69812,2.79418,0
5.75303,1.70732,2.69554,0
5.75703,1.71959,2.77002,0
5.76103,1.7288,2.6761,0
5.76503,1.74107,2.75432,0
5.76903,1.75027,2.66365,0
5.77316,1.75948,2.57739,0
5.77716,1.77021,2.5984,0
5.7824,1.78249,2.54738,0
5.7864,1.79629,2.7282,0
5.79166,1.80856,2.64872,0
5.79591,1.82084,2.69702,0
5.79991,1.83157,2.69384,0
5.80516,1.84385,2.62248,0
5.80916,1.85612,2.71158,0
5.81441,1.86839,2.63667,0
5.81865,1.88066,2.68902,0
5.82267,1.8914,2.6857,0
5.82791,1.90367,2.61624,0
5.83191,1.91594,2.70643,0
5.83717,1.92821,2.63238,0
5.84141,1.94049,2.68381,0
5.84542,1.95122,2.6838,0
5.85067,1.9635,2.61437,0
5.85467,1.97577,2.70508,0
5.85992,1.98804,2.63148,0
5.86417,2.00031,2.68281,0
5.86817,2.01258,2.75938,0
5.87342,2.02332,2.61657,0
5.87742,2.03559,2.7067,0
5.88268,2.04786,2.6325,0
5.8868,2.0586,2.62713,0
5.89081,2.07087,2.71515,0
5.89617,2.08315,2.62865,0
5.90017,2.09542,2.71667,0
5.90543,2.10769,2.64066,0
5.90967,2.11996,2.6903,0
5.91368,2.13223,2.76522,0
5.91892,2.14451,2.67985,0
5.92293,2.15524,2.68051,0
5.92817,2.16751,2.61199,0
5.93243,2.17979,2.66709,0
5.93643,2.19206,2.74665,0
5.94167,2.2028,2.60646,0
5.94568,2.21507,2.69846,0
5.95095,2.22887,2.68301,0
5.95522,2.23961,2.65387,0
5.95918,2.25188,2.73652,0
5.96443,2.26416,2.65645,0
5.96843,2.27796,2.81615,0
5.97368,2.2887,2.66182,0
5.97772,2.30097,2.7429,0
5.98294,2.31324,2.66146,0
5.98704,2.32552,2.72489,0
5.99106,2.33779,2.79258,0
5.99631,2.34852,2.64336,0
6.00031,2.35926,2.65145,0
6.00556,2.37153,2.58866,0
6.00981,2.38381,2.64829,0
6.01381,2.39608,2.73177,0
6.01906,2.40682,2.5944,0
6.02306,2.41909,2.68942,0
6.02832,2.43136,2.61885,0
6.03256,2.44363,2.67285,0
6.03657,2.4559,2.75126,0
6.04182,2.46818,2.6686,0
6.04582,2.48045,2.74832,0
6.05107,2.49272,2.66616,0
6.05531,2.50499,2.71096,0
6.05932,2.51573,2.70513,0
6.06457,2.52647,2.57277,0
6.06857,2.53874,2.67197,0
6.07382,2.55101,2.60498,0
6.07807,2.56328,2.66217,0
6.08208,2.57555,2.74241,0
6.08731,2.58783,2.66286,0
6.09132,2.59856,2.6653,0
6.09657,2.61084,2.59974,0
6.10083,2.62311,2.6577,0
6.10483,2.63538,2.73853,0
6.11007,2.64765,2.65868,0
6.11408,2.65992,2.74008,0
6.11932,2.67066,2.6012,0
6.12358,2.68293,2.65832,0
6.12758,2.69367,2.66315,0
6.13283,2.70748,2.65645,0
6.13683,2.71821,2.66192,0
6.14213,2.73202,2.65558,0
6.14608,2.74276,2.66162,0
6.15008,2.7535,2.66579,0
6.15409,2.7627,2.59282,0
6.15808,2.77344,2.61088,0
6.16209,2.78571,2.70199,0
6.16608,2.79491,2.62202,0
6.17009,2.80718,2.7109,0
6.17408,2.81639,2.62903,0
6.17822,2.82713,2.62398,0
6.18221,2.83786,2.63567,0
6.18746,2.8486,2.51767,0
6.19144,2.86087,2.62973,0
6.19671,2.87161,2.51184,0
6.20094,2.88542,2.66069,0
6.20495,2.89769,2.74031,0
6.21021,2.90843,2.60123,0
6.21421,2.92223,2.77111,0
6.21946,2.93451,2.68438,0
6.22371,2.94524,2.65281,0
6.22772,2.95752,2.73539,0
6.23297,2.96979,2.65572,0
6.23696,2.98052,2.66187,0
6.24227,2.9928,2.59664,0
6.2462,3.0066,2.76795,0
6.25021,3.01887,2.8281,0
6.25422,3.02808,2.72233,0
6.25822,3.03728,2.63829,0
6.26222,3.04802,2.64712,0
6.26745,3.05722,2.46926,0
6.27147,3.07256,2.73992,0
6.27547,3.08177,2.65213,0
6.27959,3.09251,2.64195,0
6.28358,3.10171,2.57548,0
6.28759,3.11398,2.67199,0
6.2916,3.12472,2.67355,0
6.29685,3.13699,2.60669,0
6.3011,3.14619,2.51858,0
6.3051,3.15847,2.62815,0
6.31035,3.17074,2.57002,0
6.31435,3.18301,2.66931,0
6.31962,3.19375,2.54333,0
6.3236,3.20602,2.65072,0
6.3276,3.21829,2.73387,0
6.3316,3.22903,2.72399,0
6.3356,3.23823,2.63939,0
6.3396,3.25051,2.72495,0
6.3436,3.25971,2.64027,0
6.3476,3.27045,2.6487,0
6.3516,3.28118,2.65558,0
6.35573,3.29039,2.57072,0
6.35973,3.30266,2.67048,0
6.36498,3.31493,2.60388,0
6.36898,3.3272,2.69655,0
6.37423,3.33948,2.62465,0
6.37824,3.35021,2.63648,0
6.38223,3.36249,2.72261,0
6.38624,3.37322,2.71485,0
6.39023,3.38243,2.63242,0
6.39424,3.3947,2.71922,0
6.39823,3.4039,2.63546,0
6.40224,3.41618,2.72181,0
6.40624,3.42538,2.63753,0
6.41036,3.43305,2.48217,0
6.41436,3.44379,2.52235,0
6.41965,3.45606,2.48529,0
6.42364,3.46986,2.6756,0
6.42885,3.4806,2.55056,0
6.43287,3.49287,2.6542,0
6.43686,3.50515,2.73695,0
6.44103,3.51435,2.63603,0
6.44499,3.52509,2.6449,0
6.44911,3.53583,2.6368,0
6.45312,3.54503,2.56963,0
6.45712,3.5573,2.66915,0
6.46137,3.56651,2.56834,0
6.46541,3.57878,2.66842,0
6.46948,3.58798,2.58099,0
6.47349,3.60025,2.67823,0
6.47874,3.61252,2.60999,0
6.48275,3.62326,2.62448,0
6.488,3.63707,2.62572,0
6.492,3.64781,2.63734,0
6.496,3.66008,2.72347,0
6.5,3.67082,2.71553,0
6.504,3.68155,2.70932,0
6.508,3.69229,2.70435,0
6.512,3.7015,2.62321,0
6.516,3.71377,2.71277,0
6.52,3.72297,2.6303,0
6.52412,3.73218,2.55027,0
6.52812,3.74445,2.65381,0
6.53337,3.75519,2.53211,0
6.53736,3.76746,2.64129,0
6.54268,3.77973,2.57919,0
6.54663,3.79047,2.60011,0
6.55063,3.80274,2.69368,0
6.55463,3.81348,2.69171,0
6.55863,3.82268,2.61356,0
6.56263,3.83342,2.62761,0
6.56663,3.84262,2.5624,0
6.57063,3.85489,2.66305,0
6.57463,3.8641,2.59074,0
6.57863,3.87637,2.68634,0
6.58263,3.88557,2.60869,0
6.58794,3.89631,2.49508,0
6.59188,3.90858,2.61182,0
6.59712,3.92086,2.55811,0
6.60113,3.93313,2.65795,0
6.60639,3.9454,2.5935,0
6.61038,3.95767,2.68884,0
6.61438,3.96994,2.76467,0
6.61976,3.98068,2.61121,0
6.62376,3.99295,2.7021,0
6.62901,4.00522,2.62935,0
6.63301,4.0175,2.71708,0
6.63826,4.0313,2.6995,0
6.64237,4.04204,2.682,0
6.64639,4.05431,2.75675,0
6.65163,4.06658,2.6737,0
6.65564,4.07886,2.75133,0
6.6609,4.08959,2.61106,0
6.66514,4.10186,2.66486,0
6.66914,4.11414,2.74487,0
6.6744,4.12641,2.66331,0
6.67839,4.13868,2.74424,0
6.68364,4.15095,2.66289,0
6.68789,4.16322,2.70793,0
6.6919,4.1755,2.77902,0
6.6972,4.18623,2.63267,0
6.70115,4.20004,2.79608,0
6.7064,4.21078,2.64585,0
6.71052,4.22305,2.71125,0
6.71453,4.23532,2.78213,0
6.71988,4.24606,2.62652,0
6.7239,4.25833,2.71237,0
6.72915,4.2706,2.6374,0
6.7334,4.28287,2.68796,0
6.7374,4.29515,2.76289,0
6.74265,4.30588,2.61961,0
6.74665,4.31969,2.78512,0
6.75191,4.33196,2.69558,0
6.75615,4.3427,2.66213,0
6.76015,4.35497,2.74315,0
6.7654,4.36571,2.60358,0
6.7694,4.37798,2.6963,0
6.77466,4.39025,2.62428,0
6.7789,4.40252,2.67733,0
6.78289,4.4148,2.75746,0
6.78816,4.42707,2.67196,0
6.79216,4.43934,2.75131,0
6.79741,4.45008,2.61019,0
6.80154,4.46235,2.68258,0
6.80553,4.47462,2.76012,0
6.81093,4.48689,2.66328,0
6.81491,4.49917,2.74637,0
6.82016,4.5099,2.60599,0
6.82429,4.52371,2.75433,0
6.82829,4.53598,2.81706,0
6.83366,4.54825,2.71019,0
6.83766,4.55899,2.70491,0
6.84292,4.5728,2.68977,0
6.84691,4.58353,2.68884,0
6.85217,4.59581,2.61831,0
6.85629,4.60808,2.69037,0
6.86029,4.62188,2.8419,0
6.86554,4.63262,2.68243,0
6.86954,4.64489,2.76,0
6.87479,4.65717,2.67514,0
6.87904,4.66944,2.71829,0
6.88305,4.68171,2.78729,0
6.88829,4.69245,2.63913,0
6.8923,4.70472,2.72398,0
6.89755,4.71699,2.64686,0
6.90179,4.72926,2.6954,0
6.9058,4.74,2.69254,0
6.91105,4.75227,2.62135,0
6.91505,4.76454,2.71083,0
6.9203,4.77682,2.63599,0
6.92454,4.78909,2.68724,0
6.92855,4.80136,2.76278,0
6.93386,4.81363,2.67763,0
6.9378,4.82437,2.6786,0
6.94305,4.83664,2.61047,0
6.9473,4.84891,2.6664,0
6.9513,4.86119,2.74594,0
6.95655,4.87192,2.60574,0
6.96061,4.88419,2.6962,0
6.96581,4.898,2.684,0
6.97009,4.91027,2.72538,0
6.97406,4.92254,2.79313,0
6.97931,4.93328,2.64341,0
6.98329,4.94555,2.72863,0
6.98854,4.95783,2.65014,0
6.99131,4.96856,2.90105,0
6.99531,4.9793,2.85787,0
6.99943,4.98697,2.65817,0
7.00343,4.99924,2.74013,0
7.00743,5.01152,2.80567,0
7.01144,5.02072,2.7045,0
7.01544,5.02992,2.62345,0
7.01943,5.04219,2.71282,0
7.02484,5.05447,2.62671,0
7.02881,5.0652,2.63813,0
7.03406,5.07748,2.57801,0
7.03817,5.08975,2.65943,0
7.0422,5.10202,2.73854,0
7.04756,5.11276,2.59046,0
7.05157,5.12503,2.6855,0
7.05681,5.13884,2.67464,0
7.06107,5.15111,2.71721,0
7.06507,5.16185,2.7104,0
7.07032,5.17412,2.63564,0
7.07433,5.18485,2.64511,0
7.07957,5.19713,2.58377,0
7.08382,5.2094,2.64465,0
7.08782,5.22167,2.72916,0
7.09307,5.23394,2.65056,0
7.09707,5.24468,2.65761,0
7.10232,5.25695,2.5935,0
7.10643,5.26922,2.67168,0
7.11045,5.2815,2.74865,0
7.11582,5.29223,2.59847,0
7.11982,5.30604,2.76924,0
7.12507,5.31831,2.68263,0
7.12907,5.32905,2.683,0
7.13437,5.34132,2.61399,0
7.13845,5.35513,2.7607,0
7.14245,5.36586,2.74519,0
7.1477,5.37814,2.66347,0
7.1517,5.39041,2.74453,0
7.15695,5.40115,2.60429,0
7.1612,5.41342,2.66134,0
7.1652,5.42569,2.74267,0
7.17045,5.43796,2.66164,0
7.17444,5.45023,2.74475,0
7.17969,5.46251,2.6633,0
7.18396,5.47324,2.63429,0
7.18795,5.48552,2.72103,0
7.19321,-0.785398,-236.533,0
7.19721,-0.773126,-188.613,0
7.20246,-0.760854,-150.423,0
7.2067,-0.748583,-119.759,0
7.21073,-0.737845,-95.2724,0
7.21596,-0.725573,-75.7504,0
7.21996,-0.713301,-59.9866,0
7.22521,-0.702563,-47.5802,0
7.22809,-0.691825,-37.3174,0
7.23209,-0.681087,-29.3173,0
7.23609,-0.668816,-22.8401,0
7.24009,-0.659612,-17.812,0
7.24407,-0.64734,-13.6339,0
7.24809,-0.638136,-10.4486,0
7.25218,-0.628932,-7.91091,0
7.2562,-0.61666,-5.71758,0
7.26145,-0.605922,-4.16508,0
7.26546,-0.592117,-2.64212,0
7.27074,-0.582913,-1.76307,0
7.27496,-0.570641,-0.832548,0
7.27896,-0.558369,-0.0527543,0
7.28422,-0.547631,0.366859,0
7.28826,-0.535359,0.907385,0
7.29347,-0.523087,1.1927,0
7.29772,-0.510816,1.5322,0
7.30172,-0.498544,1.8392,0
7.30697,-0.486272,1.93868,0
7.31097,-0.474,2.16469,0
7.31622,-0.461728,2.19916,0
7.32035,-0.449456,2.35418,0
7.32435,-0.438719,2.42024,0
7.32976,-0.427981,2.33574,0
7.33372,-0.415709,2.48203,0
7.33897,-0.403437,2.45304,0
7.34322,-0.391165,2.54034,0
7.34723,-0.378893,2.64509,0
7.35248,-0.366621,2.58349,0
7.35647,-0.355884,2.60382,0
7.36177,-0.343612,2.55028,0
7.36585,-0.33134,2.63523,0
7.36985,-0.319068,2.72223,0
7.37524,-0.306796,2.63416,0
7.37923,-0.294524,2.72092,0
7.38448,-0.282252,2.64424,0
7.38848,-0.271515,2.65228,0
7.39248,-0.259243,2.73511,0
7.39648,-0.248505,2.72485,0
7.40053,-0.239301,2.64019,0
7.40448,-0.228563,2.64904,0
7.40848,-0.217825,2.65599,0
7.41248,-0.207087,2.66155,0
7.41649,-0.197884,2.58921,0
7.42061,-0.18868,2.51794,0
7.42461,-0.176408,2.62764,0
7.42986,-0.164136,2.56952,0
7.43386,-0.153398,2.59224,0
7.43911,-0.141126,2.54147,0
7.44199,-0.130388,2.77938,0
7.44598,-0.121184,2.68393,0
7.44999,-0.108913,2.76058,0
7.45397,-0.0997088,2.66866,0
7.45799,-0.0874369,2.74806,0
7.46199,-0.079767,2.58213,0
7.46611,-0.0690291,2.58658,0
7.47011,-0.0567573,2.68225,0
7.47536,-0.0460194,2.55494,0
7.47936,-0.0337476,2.65724,0
7.48461,-0.0214757,2.59329,0
7.48749,-0.0107379,2.82109,0
7.4915,-0.00153398,2.71684,0
7.49549,0.0107379,2.78752,0
7.49955,0.0199418,2.68701,0
7.50351,0.0322136,2.7649,0
7.50749,0.0414175,2.67361,0
7.51162,0.0506214,2.58546,0
7.51562,0.0613592,2.60513,0
7.52093,0.0751651,2.61004,0
7.52487,0.0859029,2.62452,0
7.53012,0.0981748,2.56703,0
7.53437,0.110447,2.63153,0
7.53838,0.122718,2.7182,0
7.54363,0.13499,2.64197,0
7.54762,0.147262,2.72748,0
7.55288,0.158,2.59089,0
7.55712,0.170272,2.65048,0
7.56113,0.182544,2.73352,0
7.56638,0.194816,2.65431,0
7.57038,0.205553,2.66034,0
7.57563,0.216291,2.53726,0
7.57975,0.228563,2.62481,0
7.58375,0.240835,2.71313,0
7.58913,0.253107,2.62696,0
7.59313,0.265379,2.71547,0
7.59838,0.276117,2.5812,0
7.60263,0.288388,2.64273,0
7.60663,0.30066,2.72747,0
7.61189,0.312932,2.6493,0
7.61588,0.325204,2.73318,0
7.62113,0.337476,2.65387,0
7.62526,0.349748,2.71853,0
7.62926,0.360485,2.71158,0
7.63466,0.372757,2.62691,0
7.63863,0.385029,2.71298,0
7.64388,0.395767,2.57953,0
7.648,0.408039,2.65848,0
7.652,0.421845,2.8169,0
7.65487,0.427981,2.68022,0
7.65887,0.438719,2.68107,0
7.66291,0.45099,2.75845,0
7.66686,0.45866,2.59141,0
7.67091,0.470932,2.68458,0
7.67488,0.48167,2.68631,0
7.68014,0.492408,2.55679,0
7.68414,0.50468,2.65948,0
7.68942,0.516952,2.59625,0
7.6935,0.529223,2.67185,0
7.69752,0.541495,2.74817,0
7.7029,0.552233,2.59809,0
7.70689,0.564505,2.69221,0
7.71215,0.576777,2.62091,0
7.71627,0.589049,2.6926,0
7.72027,0.598253,2.61393,0
7.72563,0.610524,2.54905,0
7.72963,0.622796,2.65252,0
7.7349,0.635068,2.5881,0
7.7389,0.64734,2.68453,0
7.74289,0.659612,2.76306,0
7.7469,0.67035,2.74547,0
7.75092,0.679554,2.65417,0
7.75489,0.690291,2.66483,0
7.7589,0.699495,2.59045,0
7.76289,0.711767,2.68672,0
7.7669,0.720971,2.60865,0
7.77103,0.730175,2.53317,0
7.77503,0.742447,2.63998,0
7.78026,0.754719,2.58091,0
7.78426,0.765456,2.60149,0
7.78953,0.777728,2.54744,0
7.79378,0.791534,2.68749,0
7.79781,0.803806,2.76574,0
7.8031,0.816078,2.67832,0
7.80703,0.82835,2.75655,0
7.81229,0.840621,2.67256,0
7.81641,0.851359,2.65893,0
7.82039,0.863631,2.74289,0
7.82327,0.871301,2.72806,0
7.82729,0.882039,2.71706,0
7.83127,0.892777,2.71257,0
7.83529,0.901981,2.62819,0
7.83929,0.914253,2.7163,0
7.84329,0.923456,2.633,0
7.84853,0.935728,2.57426,0
7.85254,0.948,2.67269,0
7.85779,0.958738,2.54706,0
7.86203,0.97101,2.61692,0
7.86604,0.984816,2.78142,0
7.87129,0.997088,2.69281,0
7.87529,1.00936,2.76769,0
7.88054,1.02163,2.68156,0
7.88467,1.0339,2.74025,0
7.88873,1.04464,2.72882,0
7.8928,1.05384,2.6292,0
7.89691,1.06458,2.62462,0
7.90094,1.07685,2.70978,0
7.90504,1.08606,2.61613,0
7.90904,1.09833,2.70635,0
7.91317,1.106,2.53695,0
7.91717,1.11827,2.64331,0
7.92117,1.13054,2.72762,0
7.92517,1.13975,2.64195,0
7.93043,1.15202,2.58142,0
7.93442,1.16429,2.67842,0
7.93967,1.17656,2.61005,0
7.94367,1.18884,2.70194,0
7.94892,1.20111,2.62897,0
7.95292,1.21184,2.64006,0
7.95692,1.22412,2.72564,0
7.96231,1.23639,2.63706,0
7.9663,1.24866,2.72293,0
7.97155,1.2594,2.58748,0
7.97555,1.27167,2.68343,0
7.97959,1.28548,2.83686,0
7.98354,1.29621,2.80651,0
7.98754,1.30542,2.70495,0
7.99154,1.31769,2.7774,0
7.99555,1.32689,2.68223,0
7.99955,1.33917,2.75953,0
8.00355,1.34837,2.66782,0
8.00768,1.35757,2.58072,0
8.01168,1.36984,2.6774,0
8.01692,1.38212,2.61067,0
8.02098,1.39439,2.69681,0
8.02618,1.40513,2.56807,0
8.03043,1.41586,2.56025,0
8.03444,1.42814,2.66087,0
8.03969,1.44041,2.59619,0
8.04367,1.45268,2.6927,0
8.04894,1.46495,2.62042,0
8.05181,1.47722,2.94884,0
8.05581,1.48643,2.81938,0
8.05981,1.4987,2.86941,0
8.06381,1.5079,2.75549,0
8.06781,1.52017,2.81798,0
8.07181,1.52938,2.71458,0
8.07593,1.53858,2.61835,0
8.07994,1.55085,2.7075,0
8.08519,1.56313,2.6335,0
8.08919,1.5754,2.71994,0
8.09444,1.58767,2.64345,0
8.09857,1.59841,2.63538,0
8.10257,1.61068,2.7219,0
8.10794,1.62295,2.63406,0
8.11194,1.63522,2.72084,0
8.11719,1.64596,2.58558,0
8.12145,1.65977,2.7183,0
8.12545,1.67204,2.78778,0
8.13071,1.68431,2.69772,0
8.1347,1.69658,2.77177,0
8.13995,1.70885,2.68474,0
8.14419,1.72113,2.7261,0
8.1482,1.7334,2.79401,0
8.15345,1.74414,2.64412,0
8.15745,1.75641,2.72889,0
8.16274,1.76868,2.65034,0
8.16695,1.77942,2.62594,0
8.17097,1.79169,2.7116,0
8.17626,1.80396,2.63821,0
8.1802,1.81623,2.72415,0
8.18545,1.82851,2.64674,0
8.18958,1.84078,2.7121,0
8.19358,1.85305,2.78327,0
8.19644,1.86072,2.7598,0
8.20045,1.86992,2.66804,0
8.20446,1.88219,2.74802,0
8.20844,1.8914,2.66023,0
8.21245,1.90367,2.73963,0
8.21645,1.91134,2.5752,0
8.22171,1.92515,2.5861,0
8.22571,1.93588,2.60631,0
8.23097,1.94816,2.5513,0
8.23496,1.96043,2.65587,0
8.24021,1.9727,2.59193,0
8.24433,1.98344,2.59479,0
8.24959,1.99724,2.60097,0
8.25359,2.01105,2.77124,0
8.25758,2.02025,2.67742,0
8.26284,2.03252,2.60908,0
8.26577,2.04326,2.8314,0
8.26975,2.05247,2.7267,0
8.27371,2.0632,2.71812,0
8.27771,2.07394,2.71152,0
8.28171,2.08468,2.70624,0
8.28571,2.09388,2.62542,0
8.2897,2.10462,2.63871,0
8.29372,2.11536,2.64559,0
8.29909,2.12763,2.57318,0
8.30309,2.1399,2.67214,0
8.30834,2.15218,2.60504,0
8.31122,2.16291,2.83153,0
8.31522,2.17212,2.72495,0
8.31922,2.18439,2.79386,0
8.32322,2.19359,2.69505,0
8.32722,2.20586,2.76964,0
8.33122,2.21507,2.67602,0
8.33534,2.22427,2.58718,0
8.33934,2.23654,2.68303,0
8.34459,2.24728,2.55533,0
8.3486,2.26109,2.73437,0
8.35384,2.27336,2.65509,0
8.35797,2.28563,2.71878,0
8.36197,2.29637,2.71165,0
8.36735,2.30864,2.62603,0
8.37135,2.32091,2.71427,0
8.3766,2.33165,2.58032,0
8.38087,2.34546,2.71455,0
8.38485,2.35619,2.70813,0
8.3901,2.36847,2.634,0
8.3941,2.38074,2.7208,0
8.3994,2.39148,2.5857,0
8.40335,2.40375,2.682,0
8.40861,2.41602,2.61283,0
8.41271,2.42676,2.61126,0
8.41672,2.43903,2.70214,0
8.42197,2.4513,2.62921,0
8.42597,2.46357,2.71697,0
8.43122,2.47585,2.64098,0
8.43546,2.48812,2.69083,0
8.43955,2.50039,2.76275,0
8.44471,2.51113,2.62161,0
8.44872,2.5234,2.70874,0
8.45399,2.53567,2.63431,0
8.45823,2.54794,2.68549,0
8.46223,2.55868,2.68489,0
8.46748,2.57095,2.61541,0
8.47149,2.58322,2.70577,0
8.47674,2.5955,2.63193,0
8.48098,2.60777,2.68345,0
8.48499,2.61851,2.68312,0
8.49024,2.63078,2.61382,0
8.49424,2.64458,2.78152,0
8.49949,2.65685,2.69289,0
8.50374,2.66759,2.65963,0
8.50774,2.67986,2.74098,0
8.51299,2.69214,2.66028,0
8.51699,2.70287,2.66472,0
8.52224,2.71515,2.59936,0
8.52649,2.72742,2.65713,0
8.5305,2.73969,2.73914,0
8.53575,2.75043,2.60007,0
8.53974,2.7627,2.6941,0
8.545,2.77497,2.62251,0
8.54924,2.78571,2.6038,0
8.55324,2.79798,2.69587,0
8.5585,2.81025,2.62419,0
8.56251,2.82252,2.71279,0
8.56775,2.8348,2.63765,0
8.572,2.84707,2.68801,0
8.576,2.85781,2.68704,0
8.58125,2.87008,2.61695,0
8.58525,2.88235,2.70731,0
8.5905,2.89462,2.63326,0
8.59475,2.90689,2.68397,0
8.59875,2.91763,2.68407,0
8.604,2.9299,2.61466,0
8.60804,2.94218,2.70517,0
8.61324,2.95445,2.63155,0
8.61724,2.96672,2.71852,0
8.62249,2.97899,2.6425,0
8.62663,2.98973,2.6345,0
8.63063,3.002,2.72104,0
8.63588,3.01427,2.64432,0
8.63989,3.02654,2.7309,0
8.64513,3.03728,2.59277,0
8.64938,3.04802,2.57965,0
8.65338,3.06029,2.67716,0
8.65864,3.07256,2.60905,0
8.66263,3.08484,2.70068,0
8.66788,3.09711,2.62796,0
8.67214,3.10938,2.67958,0
8.67614,3.12012,2.68083,0
8.68139,3.13239,2.61207,0
8.68539,3.14466,2.70325,0
8.69071,3.15693,2.62868,0
8.69464,3.1692,2.7187,0
8.69869,3.17994,2.71199,0
8.70264,3.18915,2.62966,0
8.70664,3.19988,2.64062,0
8.71063,3.21062,2.64872,0
8.71463,3.21983,2.57952,0
8.71863,3.2321,2.6769,0
8.72263,3.2413,2.60195,0
8.72675,3.25051,2.5277,0
8.73077,3.26124,2.55865,0
8.736,3.27505,2.57305,0
8.74,3.28732,2.67188,0
8.74527,3.29959,2.60474,0
8.74952,3.31186,2.66156,0
8.75352,3.32414,2.74284,0
8.75877,3.33487,2.60334,0
8.76277,3.34715,2.6958,0
8.76803,3.35788,2.56562,0
8.77227,3.37016,2.62986,0
8.77626,3.38243,2.71995,0
8.78153,3.3947,2.64186,0
8.78552,3.40544,2.65079,0
8.79079,3.41924,2.64647,0
8.79478,3.42998,2.65353,0
8.79877,3.44072,2.66011,0
8.80278,3.45146,2.66445,0
8.80678,3.46066,2.5921,0
8.8108,3.47293,2.68681,0
8.81478,3.48367,2.68608,0
8.81878,3.49441,2.68603,0
8.82278,3.50361,2.60902,0
8.8269,3.51282,2.53368,0
8.83093,3.52509,2.63702,0
8.83615,3.53583,2.52032,0
8.84019,3.5481,2.62908,0
8.84539,3.56037,2.57238,0
8.84966,3.57264,2.63323,0
8.85366,3.58338,2.64362,0
8.85891,3.59719,2.64043,0
8.86291,3.60792,2.64951,0
8.86816,3.62019,2.58674,0
8.87216,3.63247,2.68345,0
8.87616,3.64474,2.76005,0
8.88016,3.65548,2.74493,0
8.88416,3.66315,2.57935,0
8.88816,3.67695,2.75412,0
8.8922,3.68616,2.6604,0
8.89616,3.69843,2.74561,0
8.90016,3.70763,2.65668,0
8.90429,3.7153,2.49731,0
8.90829,3.72757,2.61114,0
8.91354,3.73985,2.55596,0
8.91754,3.75058,2.58207,0
8.92279,3.76439,2.59149,0
8.92679,3.77666,2.6871,0
8.93081,3.7874,2.68616,0
8.93617,3.79967,2.60547,0
8.94017,3.81194,2.69828,0
8.94542,3.82421,2.62612,0
8.94942,3.83495,2.63752,0
8.95467,3.84569,2.51908,0
8.95867,3.85796,2.62871,0
8.96267,3.87023,2.7167,0
8.96805,3.88097,2.57261,0
8.97205,3.89478,2.74838,0
8.9773,3.90552,2.60777,0
8.98134,3.91779,2.69981,0
8.98654,3.93006,2.62735,0
8.99055,3.9408,2.63837,0
8.99456,3.9546,2.80132,0
8.99993,3.96687,2.69752,0
9.00393,3.97915,2.77161,0
9.00918,3.99142,2.68479,0
9.01318,4.00216,2.68444,0
9.01846,4.01443,2.61559,0
9.02255,4.02823,2.76104,0
9.02656,4.04051,2.82227,0
9.03181,4.05124,2.66672,0
9.03579,4.06352,2.74944,0
9.04106,4.07579,2.66554,0
9.0453,4.08806,2.71034,0
9.04931,4.0988,2.7049,0
9.05456,4.11107,2.63115,0
9.05857,4.12334,2.71821,0
9.06381,4.13561,2.64216,0
9.06806,4.14788,2.69177,0
9.07206,4.15862,2.68977,0
9.07731,4.17243,2.67774,0
9.08131,4.18317,2.67882,0
9.08656,4.19544,2.61064,0
9.09082,4.20771,2.66615,0
9.09481,4.21845,2.66941,0
9.10006,4.23072,2.60312,0
9.10406,4.24299,2.69578,0
9.10931,4.25526,2.62413,0
9.11356,4.26753,2.67707,0
9.11756,4.27827,2.67829,0
9.12282,4.29054,2.6096,0
9.12681,4.30282,2.70204,0
9.13208,4.31509,2.62833,0
9.13632,4.32889,2.75388,0
9.14032,4.33963,2.73917,0
9.14557,4.3519,2.65902,0
9.14957,4.36418,2.74066,0
9.15482,4.37491,2.60143,0
9.15907,4.38719,2.65919,0
9.16307,4.39946,2.74049,0
9.16832,4.41173,2.65971,0
9.17232,4.42247,2.6648,0
9.17756,4.43474,2.6005,0
9.18157,4.44701,2.6914,0
9.18688,4.45928,2.61911,0
9.19096,4.47155,2.69058,0
9.19495,4.48383,2.76852,0
9.2002,4.4961,2.68232,0
9.2042,4.50684,2.68246,0
9.20945,4.52064,2.6718,0
9.2137,4.53291,2.71508,0
9.2177,4.54365,2.70869,0
9.22295,4.55592,2.63436,0
9.22695,4.56819,2.72124,0
9.23221,4.58047,2.64431,0
9.23646,4.5912,2.62064,0
9.24045,4.60348,2.71011,0
9.2457,4.61728,2.69403,0
9.24971,4.62955,2.76851,0
9.25496,4.64183,2.6824,0
9.2592,4.6541,2.72382,0
9.26321,4.66484,2.71528,0
9.26846,4.67711,2.63989,0
9.27246,4.68938,2.7252,0
9.27771,4.70165,2.64766,0
9.28194,4.71239,2.62511,0
9.28596,4.72466,2.71169,0
9.29122,4.73693,2.63632,0
9.29521,4.7492,2.72327,0
9.30046,4.75994,2.58736,0
9.3047,4.77221,2.64971,0
9.30871,4.78602,2.80714,0
9.31396,4.79676,2.65478,0
9.31796,4.80903,2.73741,0
9.32322,4.8213,2.65725,0
9.32746,4.83357,2.70398,0
9.33146,4.84431,2.69952,0
9.33672,4.85658,2.62694,0
9.34073,4.86885,2.7153,0
9.34597,4.88113,2.63965,0
9.35022,4.8934,2.68909,0
9.35422,4.90414,2.68803,0
9.35945,4.91794,2.67777,0
9.36347,4.93021,2.75321,0
9.36872,4.94249,2.67016,0
9.37297,4.95476,2.71403,0
9.37697,4.96703,2.78452,0
9.38222,4.9793,2.69485,0
9.38622,4.99004,2.69277,0
9.39147,5.00231,2.62154,0
9.39572,5.01458,2.67512,0
9.39972,5.02532,2.67672,0
9.40497,5.03913,2.66741,0
9.40897,5.0514,2.74737,0
9.41423,5.06214,2.60673,0
9.41847,5.07441,2.66506,0
9.42248,5.08668,2.7429,0
9.42773,5.09895,2.66191,0
9.43173,5.11122,2.74251,0
9.43696,5.1235,2.66302,0
9.44098,5.13577,2.74187,0
9.44623,5.14651,2.60248,0
9.45035,5.15878,2.67742,0
9.45436,5.17105,2.75476,0
9.45961,5.18179,2.61286,0
9.46361,5.19406,2.70373,0
9.46886,5.20633,2.63048,0
9.47311,5.2186,2.68202,0
9.47711,5.23087,2.75906,0
9.48236,5.24315,2.67457,0
9.48636,5.25388,2.67682,0
9.49161,5.26769,2.66699,0
9.49585,5.27996,2.713,0
9.49986,5.2907,2.70542,0
9.50511,5.30297,2.63184,0
9.50911,5.31371,2.64237,0
9.51436,5.32598,2.58122,0
9.51861,5.33825,2.64302,0
9.52262,5.35052,2.72752,0
9.52786,5.36126,2.59093,0
9.53187,5.37507,2.76269,0
9.53712,5.38734,2.67774,0
9.54136,5.39808,2.64751,0
9.54537,5.41035,2.7316,0
9.55062,5.42262,2.65251,0
9.55463,5.43489,2.73591,0
9.55987,5.44717,2.65605,0
9.56412,5.45944,2.70248,0
9.56812,5.47018,2.69874,0
9.57337,5.48398,2.68483,0
9.57737,5.49472,2.68436,0
9.58262,-0.776194,-236.699,0
9.5855,-0.76699,-188.718,0
9.5895,-0.756253,-150.438,0
9.5935,-0.745515,-119.814,0
9.5975,-0.734777,-95.3139,0
9.6015,-0.724039,-75.7144,0
9.6055,-0.713301,-60.0346,0
9.60962,-0.704097,-47.5813,0
9.61362,-0.691825,-37.4519,0
9.61888,-0.681087,-29.5527,0
9.62288,-0.668816,-23.0283,0
9.62813,-0.656544,-17.9552,0
9.631,-0.645806,-13.6172,0
9.635,-0.635068,-10.357,0
9.639,-0.62433,-7.7487,0
9.643,-0.615126,-5.73888,0
9.647,-0.602854,-3.97736,0
9.651,-0.593651,-2.72192,0
9.65513,-0.585981,-1.80575,0
9.65913,-0.573709,-0.831012,0
9.66445,-0.561437,-0.198909,0
9.66838,-0.549165,0.457086,0
9.67363,-0.538427,0.774729,0
9.67788,-0.526155,1.19728,0
9.68188,-0.515418,1.49445,0
9.68713,-0.503146,1.66306,0
9.69113,-0.490874,1.94419,0
9.69638,-0.477068,2.08129,0
9.69926,-0.467864,2.30464,0
9.70326,-0.45866,2.30413,0
9.70726,-0.446388,2.4569,0
9.71127,-0.437185,2.42502,0
9.71526,-0.424913,2.55377,0
9.71926,-0.415709,2.50321,0
9.72339,-0.406505,2.44914,0
9.72739,-0.395767,2.4958,0
9.73264,-0.383495,2.46396,0
9.73664,-0.371223,2.58492,0
9.74193,-0.358952,2.53543,0
9.74613,-0.34668,2.60612,0
9.75013,-0.334408,2.69803,0
9.75538,-0.322136,2.62574,0
9.75939,-0.309864,2.71418,0
9.76464,-0.299126,2.58033,0
9.76891,-0.286854,2.64163,0
9.7729,-0.274583,2.72674,0
9.77814,-0.263845,2.59061,0
9.78215,-0.251573,2.68577,0
9.7874,-0.239301,2.61621,0
9.79139,-0.228563,2.63134,0
9.7954,-0.216291,2.71652,0
9.7994,-0.205553,2.71025,0
9.8034,-0.19635,2.62839,0
9.8074,-0.185612,2.63947,0
9.8114,-0.176408,2.57154,0
9.8154,-0.164136,2.67083,0
9.8194,-0.153398,2.67329,0
9.82353,-0.145728,2.51059,0
9.82753,-0.133456,2.62191,0
9.83278,-0.119651,2.62327,0
9.83678,-0.108913,2.63591,0
9.84204,-0.0966408,2.5756,0
9.84628,-0.0843689,2.6388,0
9.85028,-0.0720971,2.72432,0
9.85552,-0.0613592,2.58852,0
9.85952,-0.0490874,2.6841,0
9.86477,-0.0383495,2.55603,0
9.86902,-0.0260777,2.62328,0
9.87306,-0.0138058,2.7116,0
9.87828,0,2.69522,0
9.88228,0.0122718,2.76946,0
9.88753,0.0245437,2.68324,0
9.89041,0.0337476,2.78642,0
9.89441,0.0444854,2.76563,0
9.89841,0.0552233,2.74966,0
9.90242,0.0644272,2.65958,0
9.90641,0.076699,2.74172,0
9.91041,0.0859029,2.65334,0
9.91454,0.0951068,2.56914,0
9.91854,0.107379,2.66859,0
9.92379,0.119651,2.6022,0
9.92779,0.131922,2.6952,0
9.93304,0.14266,2.5653,0
9.93729,0.154932,2.63001,0
9.94129,0.167204,2.71683,0
9.94655,0.179476,2.64114,0
9.95054,0.191748,2.7262,0
9.95579,0.202485,2.5901,0
9.95867,0.213223,2.81802,0
9.96268,0.220893,2.6382,0
9.96667,0.233165,2.72385,0
9.97068,0.242369,2.6395,0
9.97467,0.254641,2.72489,0
9.97872,0.263845,2.64022,0
9.98279,0.274583,2.6328,0
9.98678,0.28532,2.643,0
9.99205,0.297592,2.58136,0
9.99605,0.30833,2.60252,0
10.0013,0.320602,2.54952,0
10.0055,0.334408,2.68945,0
10.0095,0.34668,2.76454,0
10.0148,0.358952,2.67913,0
10.0188,0.371223,2.75705,0
10.0241,0.383495,2.67296,0
10.0282,0.394233,2.65899,0
10.0322,0.404971,2.66584,0
10.0351,0.414175,2.76962,0
10.0391,0.421845,2.59929,0
10.0431,0.434117,2.69271,0
10.0471,0.444854,2.69106,0
10.0511,0.457126,2.76598,0
10.0551,0.464796,2.59657,0
10.0603,0.478602,2.60309,0
10.0643,0.48934,2.61923,0
10.0696,0.501612,2.56288,0
10.0736,0.513884,2.66375,0
10.0776,0.526155,2.74398,0
10.0815,0.536893,2.73423,0
10.0856,0.546097,2.64586,0
10.0896,0.556835,2.65372,0
10.0936,0.567573,2.65973,0
10.0976,0.578311,2.66455,0
10.1016,0.587515,2.59171,0
10.1057,0.595185,2.44561,0
10.1097,0.607456,2.56931,0
10.1149,0.619728,2.52286,0
10.1189,0.632,2.63203,0
10.1242,0.644272,2.57304,0
10.1284,0.65501,2.56422,0
10.1324,0.667282,2.6642,0
10.1377,0.679554,2.59886,0
10.1417,0.691825,2.69237,0
10.1469,0.704097,2.6214,0
10.1512,0.716369,2.67502,0
10.1552,0.727107,2.67638,0
10.1604,0.739379,2.60798,0
10.1644,0.751651,2.70074,0
10.1697,0.762388,2.56989,0
10.1739,0.77466,2.63559,0
10.1779,0.788466,2.79533,0
10.1832,0.800738,2.70359,0
10.1872,0.81301,2.77677,0
10.1925,0.823748,2.63048,0
10.1967,0.83602,2.68175,0
10.2007,0.849825,2.83794,0
10.2059,0.860563,2.67832,0
10.2099,0.871301,2.67955,0
10.2152,0.883573,2.61105,0
10.2193,0.895845,2.6837,0
10.2233,0.908117,2.7604,0
10.2287,0.920389,2.66503,0
10.2327,0.93266,2.74531,0
10.238,0.943398,2.60515,0
10.2421,0.95567,2.67869,0
10.2461,0.967942,2.757,0
10.2515,0.97868,2.605,0
10.2555,0.992486,2.77447,0
10.2607,1.00476,2.68716,0
10.265,1.01703,2.7275,0
10.269,1.0293,2.79529,0
10.2743,1.04157,2.70337,0
10.2782,1.05231,2.69959,0
10.2835,1.06458,2.62726,0
10.2877,1.07685,2.67999,0
10.2917,1.08913,2.75636,0
10.297,1.09986,2.61423,0
10.301,1.11214,2.70406,0
10.3062,1.12287,2.5727,0
10.3103,1.13668,2.72769,0
10.3143,1.14742,2.71878,0
10.3197,1.15969,2.63165,0
10.3237,1.1735,2.79492,0
10.329,1.18577,2.7037,0
10.333,1.19651,2.69959,0
10.3382,1.20878,2.62726,0
10.3423,1.22105,2.69637,0
10.3463,1.23332,2.77084,0
10.3516,1.24406,2.62558,0
10.3556,1.25633,2.71451,0
10.3609,1.2686,2.63867,0
10.3651,1.28241,2.76093,0
10.3691,1.29468,2.82249,0
10.3743,1.30695,2.72656,0
10.3783,1.31922,2.79469,0
10.3836,1.3315,2.70325,0
10.3878,1.34223,2.66648,0
10.3918,1.35451,2.74617,0
10.3971,1.36678,2.66444,0
10.4011,1.37905,2.74499,0
10.4063,1.38979,2.60521,0
10.4092,1.40052,2.83063,0
10.4132,1.40973,2.72458,0
10.4172,1.422,2.79341,0
10.4212,1.4312,2.69481,0
10.4253,1.44348,2.76791,0
10.4292,1.45115,2.59878,0
10.4333,1.46188,2.59991,0
10.4374,1.47569,2.76935,0
10.4426,1.48796,2.68307,0
10.4466,1.50023,2.75959,0
10.4519,1.51251,2.67508,0
10.4561,1.52324,2.64585,0
10.4601,1.53705,2.80646,0
10.4654,1.54779,2.65415,0
10.4694,1.56006,2.73722,0
10.4746,1.5708,2.5986,0
10.4789,1.58307,2.65665,0
10.4829,1.59534,2.7386,0
10.4881,1.60761,2.65803,0
10.4921,1.61988,2.74017,0
10.4974,1.63062,2.60104,0
10.5016,1.64443,2.73113,0
10.5056,1.6567,2.79834,0
10.5109,1.67051,2.76451,0
10.5149,1.68124,2.74823,0
10.5201,1.69351,2.66591,0
10.5244,1.70579,2.71091,0
10.5284,1.71652,2.70508,0
10.5337,1.7288,2.6313,0
10.5376,1.74107,2.71909,0
10.5429,1.75334,2.64251,0
10.5471,1.76561,2.69204,0
10.5511,1.77788,2.76646,0
10.5564,1.78862,2.62231,0
10.5604,1.79936,2.63448,0
10.5656,1.81317,2.63331,0
10.5699,1.82544,2.6847,0
10.5739,1.83771,2.76028,0
10.5791,1.84998,2.67607,0
10.5831,1.86225,2.75415,0
10.5884,1.87299,2.61238,0
10.5926,1.88526,2.66768,0
10.5966,1.89753,2.74742,0
10.6019,1.90827,2.60685,0
10.6059,1.92054,2.69907,0
10.6111,1.93282,2.62666,0
10.6152,1.94509,2.69619,0
10.6192,1.95583,2.69398,0
10.6246,1.96963,2.6687,0
10.6286,1.98037,2.67185,0
10.6339,1.99264,2.60471,0
10.638,2.00491,2.67891,0
10.642,2.01718,2.75687,0
10.6474,2.02792,2.60497,0
10.6514,2.04019,2.69742,0
10.6566,2.05247,2.62544,0
10.6607,2.0632,2.63724,0
10.6646,2.07548,2.72339,0
10.6686,2.08621,2.71559,0
10.6726,2.09695,2.70897,0
10.6766,2.10769,2.70407,0
10.6806,2.11689,2.62357,0
10.6846,2.12917,2.71306,0
10.6886,2.1399,2.70667,0
10.6928,2.14911,2.61159,0
10.6968,2.15985,2.62576,0
10.702,2.17212,2.56801,0
10.706,2.18439,2.66816,0
10.7113,2.19666,2.60158,0
10.7155,2.20893,2.65945,0
10.7195,2.21967,2.66392,0
10.7248,2.23194,2.59881,0
10.7288,2.24421,2.69264,0
10.734,2.25495,2.56301,0
10.7383,2.26876,2.70071,0
10.7423,2.28103,2.77324,0
10.7475,2.29177,2.62758,0
10.7515,2.30557,2.79496,0
10.7568,2.31785,2.70187,0
10.761,2.33012,2.73967,0
10.765,2.34239,2.80471,0
10.7703,2.35313,2.65283,0
10.7743,2.36386,2.65916,0
10.7795,2.37614,2.59474,0
10.7838,2.38841,2.65329,0
10.7878,2.40068,2.73854,0
10.793,2.41142,2.59865,0
10.797,2.42522,2.7692,0
10.8023,2.43596,2.62419,0
10.8065,2.44823,2.6774,0
10.8105,2.46051,2.75459,0
10.8158,2.47278,2.67135,0
10.8198,2.48505,2.75068,0
10.825,2.49732,2.66795,0
10.8293,2.50806,2.63966,0
10.8333,2.52186,2.80151,0
10.8385,2.5326,2.65042,0
10.8425,2.54487,2.73378,0
10.8478,2.55715,2.65452,0
10.852,2.56942,2.70112,0
10.856,2.58016,2.69725,0
10.8613,2.59243,2.62538,0
10.8653,2.6047,2.71344,0
10.8705,2.61697,2.63852,0
10.8745,2.62771,2.64744,0
10.8798,2.63998,2.58545,0
10.8839,2.65225,2.66394,0
10.8879,2.66452,2.74398,0
10.8932,2.6768,2.66268,0
10.8972,2.68907,2.74374,0
10.9024,2.70134,2.66231,0
10.9067,2.71208,2.63564,0
10.9107,2.72435,2.72103,0
10.9159,2.73662,2.64459,0
10.9199,2.74889,2.72896,0
10.9252,2.75963,2.59222,0
10.9294,2.77037,2.57897,0
10.9334,2.78264,2.67662,0
10.9387,2.79491,2.6088,0
10.9427,2.80718,2.70002,0
10.9479,2.81946,2.6276,0
10.9522,2.83019,2.60787,0
10.9562,2.844,2.77625,0
10.9614,2.85474,2.62989,0
10.9654,2.86701,2.71751,0
10.9707,2.87928,2.64142,0
10.9749,2.89155,2.69091,0
10.979,2.90383,2.76601,0
10.9842,2.91456,2.62156,0
10.9882,2.92684,2.71238,0
10.9934,2.93757,2.57818,0
10.9977,2.94985,2.64059,0
11.0017,2.96212,2.72561,0
11.0069,2.97592,2.70622,0
11.0109,2.98819,2.77765,0
11.0162,2.99893,2.63134,0
11.0203,3.0112,2.70065,0
11.0243,3.02348,2.77364,0
11.0297,3.03575,2.6758,0
11.0337,3.04495,2.60049,0
11.0389,3.05722,2.5478,0
11.0443,3.07256,2.60797,0
11.0483,3.0833,2.62434,0
11.0523,3.09557,2.71292,0
11.0563,3.10478,2.63075,0
11.0615,3.11705,2.57183,0
11.0656,3.12932,2.6706,0
11.0708,3.14159,2.60434,0
11.0751,3.15233,2.58831,0
11.0791,3.1646,2.6847,0
11.0843,3.17534,2.55792,0
11.0883,3.18761,2.65762,0
11.0935,3.19835,2.53508,0
11.0978,3.21062,2.60502,0
11.1018,3.22289,2.69777,0
11.1071,3.23517,2.62562,0
11.1111,3.24744,2.7144,0
11.1163,3.25818,2.58058,0
11.1206,3.27045,2.64209,0
11.1246,3.28272,2.72665,0
11.1298,3.29499,2.65016,0
11.1338,3.30726,2.73128,0
11.1391,3.31953,2.65235,0
11.1433,3.33181,2.70006,0
11.1473,3.34254,2.69667,0
11.1526,3.35482,2.62447,0
11.1566,3.36709,2.71348,0
11.1618,3.37936,2.6382,0
11.1661,3.3901,2.61611,0
11.1701,3.40237,2.70617,0
11.1753,3.41464,2.63217,0
11.1794,3.42691,2.71826,0
11.1846,3.43612,2.5255,0
11.1888,3.44839,2.59816,0
11.1928,3.46066,2.69166,0
11.1981,3.47293,2.62101,0
11.2021,3.4852,2.71025,0
11.2073,3.49748,2.63579,0
11.2116,3.50821,2.61406,0
11.2156,3.52049,2.70454,0
11.2208,3.53276,2.63094,0
11.2248,3.5435,2.64165,0
11.2301,3.5573,2.63926,0
11.2343,3.56957,2.68931,0
11.2383,3.58031,2.68781,0
11.2436,3.59258,2.61766,0
11.2476,3.60486,2.70741,0
11.2528,3.61713,2.63316,0
11.2571,3.63093,2.75682,0
11.2611,3.64167,2.74235,0
11.2663,3.65241,2.60279,0
11.2703,3.66621,2.77253,0
11.2756,3.67695,2.62701,0
11.2798,3.68922,2.6791,0
11.2838,3.7015,2.75902,0
11.2891,3.71377,2.67356,0
11.2931,3.72451,2.67521,0
11.2983,3.73678,2.60776,0
11.3026,3.74905,2.66411,0
11.3066,3.76132,2.74442,0
11.3118,3.77359,2.66286,0
11.3158,3.78586,2.74372,0
11.3211,3.7966,2.60388,0
11.3253,3.80887,2.66129,0
11.3293,3.82115,2.74186,0
11.3346,3.83188,2.60255,0
11.3386,3.84262,2.6188,0
11.3438,3.85489,2.56263,0
11.3481,3.86717,2.62746,0
11.3521,3.87944,2.71525,0
11.3573,3.89171,2.63961,0
11.3613,3.90245,2.64899,0
11.3666,3.91472,2.5866,0
11.3709,3.92699,2.64719,0
11.3748,3.93926,2.73058,0
11.3801,3.95153,2.65196,0
11.3841,3.96381,2.735,0
11.3893,3.97454,2.59676,0
11.3935,3.98682,2.67472,0
11.3975,3.99909,2.75093,0
11.4029,4.01136,2.65736,0
11.4068,4.0221,2.66292,0
11.4121,4.0359,2.65607,0
11.4162,4.04818,2.72,0
11.4202,4.06045,2.7896,0
11.4256,4.07272,2.6883,0
11.4296,4.08499,2.76608,0
11.4348,4.09573,2.62185,0
11.4388,4.108,2.70878,0
11.4441,4.12027,2.63417,0
11.4482,4.13101,2.62872,0
11.4522,4.14482,2.79292,0
11.4575,4.15555,2.64371,0
11.4615,4.16783,2.72732,0
11.4667,4.1801,2.64944,0
11.471,4.19084,2.62499,0
11.475,4.20311,2.71343,0
11.4802,4.21538,2.63807,0
11.4842,4.22765,2.7242,0
11.4895,4.23992,2.64677,0
11.4937,4.25219,2.69519,0
11.4977,4.26447,2.76913,0
11.503,4.27674,2.68272,0
11.507,4.28901,2.75977,0
11.5122,4.29975,2.6168,0
11.5165,4.31202,2.67108,0
11.5205,4.32429,2.7503,0
11.5257,4.33656,2.66755,0
11.5297,4.3473,2.67093,0
11.535,4.35957,2.60407,0
11.5392,4.37185,2.66157,0
11.5432,4.38258,2.66548,0
11.5485,4.39486,2.59971,0
11.5525,4.40713,2.69367,0
11.5577,4.4194,2.62226,0
11.562,4.43014,2.60335,0
11.566,4.44241,2.69582,0
11.5712,4.45468,2.62398,0
11.5752,4.46695,2.71293,0
11.5805,4.47922,2.63775,0
11.5847,4.4915,2.68825,0
11.5887,4.50377,2.7634,0
11.594,4.51604,2.67804,0
11.598,4.52985,2.8329,0
11.6032,4.54058,2.67523,0
11.6075,4.55286,2.71795,0
11.6115,4.56359,2.71059,0
11.6167,4.57586,2.63624,0
11.6208,4.58814,2.72274,0
11.626,4.59887,2.5871,0
11.6302,4.61115,2.64718,0
11.6342,4.62495,2.80769,0
11.6395,4.63722,2.71365,0
11.6435,4.65103,2.86087,0
11.6487,4.66177,2.69784,0
11.6529,4.67251,2.67875,0
11.6569,4.68631,2.83329,0
11.6622,4.69705,2.66611,0
11.6662,4.70932,2.74663,0
11.6715,4.72159,2.66454,0
11.6756,4.73386,2.72663,0
11.6796,4.7446,2.7182,0
11.685,4.75687,2.6311,0
11.689,4.76915,2.71863,0
11.6943,4.78142,2.64232,0
11.6984,4.79369,2.70856,0
11.7024,4.80596,2.78091,0
11.7078,4.8167,2.62398,0
11.7118,4.83051,2.78948,0
11.717,4.84124,2.64055,0
11.721,4.85352,2.72588,0
11.7263,4.86425,2.58953,0
11.7304,4.87806,2.74198,0
11.7344,4.8888,2.72981,0
11.7396,4.90107,2.65134,0
11.7436,4.91487,2.81085,0
11.7489,4.92715,2.71645,0
11.7531,4.93788,2.67847,0
11.7571,4.95016,2.75606,0
11.7624,4.96396,2.73069,0
11.7664,4.97623,2.79845,0
11.7716,4.98851,2.706,0
11.7759,4.99924,2.67035,0
11.7799,5.01152,2.74969,0
11.7851,5.02379,2.66851,0
11.7892,5.03452,2.67143,0
11.7944,5.0468,2.60331,0
11.7986,5.05907,2.66056,0
11.8026,5.07134,2.74173,0
11.8079,5.08361,2.66187,0
11.8119,5.09435,2.66425,0
11.8171,5.10816,2.65744,0
11.8214,5.11889,2.63162,0
11.8254,5.13117,2.71812,0
11.8306,5.14344,2.642,0
11.8346,5.15571,2.72719,0
11.8399,5.16645,2.59074,0
11.8441,5.18025,2.72241,0
11.8481,5.19099,2.71469,0
11.8534,5.20326,2.63898,0
11.8574,5.21553,2.72494,0
11.8627,5.22781,2.64736,0
11.8669,5.23854,2.62368,0
11.8709,5.25082,2.70872,0
11.8762,5.26462,2.69483,0
11.8802,5.27536,2.69276,0
11.8854,5.28763,2.62171,0
11.8895,5.2999,2.69251,0
11.8948,5.31218,2.62124,0
11.8988,5.32598,2.78746,0
11.9028,5.33519,2.6897,0
11.908,5.34746,2.61962,0
11.912,5.35819,2.63216,0
11.9173,5.37047,2.57314,0
11.9215,5.38274,2.6382,0
11.9255,5.39501,2.72186,0
11.9308,5.40575,2.58632,0
11.9348,5.41955,2.75952,0
11.94,5.43029,2.6166,0
11.9443,5.4441,2.74251,0
11.9483,5.45484,2.73292,0
11.9535,5.46711,2.6526,0
11.9575,5.47938,2.73567,0
11.9628,5.49165,2.65577,0
11.9657,-0.78233,-434.63,0
11.9697,-0.773126,-347.244,0
11.9737,-0.760854,-277.182,0
11.9777,-0.751651,-221.285,0
11.9817,-0.739379,-176.415,0
11.9857,-0.728641,-140.595,0
11.9898,-0.719437,-112.029,0
11.9938,-0.708699,-89.0874,0
11.999,-0.696427,-70.8022,0
12.0031,-0.684155,-56.0326,0
12.0083,-0.673418,-44.4149,0
12.0112,-0.66268,-34.786,0
12.0152,-0.651942,-27.2916,0
12.0192,-0.641204,-21.2983,0
12.0232,-0.632,-16.5769,0
12.0272,-0.618194,-12.5714,0
12.0312,-0.610524,-9.67355,0
12.0353,-0.599787,-7.21796,0
12.0393,-0.589049,-5.23815,0
12.0445,-0.578311,-3.78146,0
12.0485,-0.566039,-2.41142,0
12.0538,-0.555301,-1.52023,0
12.0567,-0.543029,-0.363081,0
12.0607,-0.533825,0.169727,0
12.0647,-0.521553,0.749529,0
12.0687,-0.513884,0.983021,0
12.0727,-0.501612,1.40063,0
12.0767,-0.492408,1.58023,0
12.0808,-0.48167,1.78481,0
12.0848,-0.469398,2.04144,0
12.0901,-0.45866,2.04198,0
12.0941,-0.446388,2.24748,0
12.0993,-0.434117,2.26522,0
12.1036,-0.421845,2.38981,0
12.1075,-0.409573,2.52744,0
12.1128,-0.398835,2.42993,0
12.1168,-0.386563,2.55738,0
12.1221,-0.374291,2.5134,0
12.125,-0.363553,2.7577,0
12.1289,-0.35435,2.66578,0
12.1329,-0.342078,2.74653,0
12.1369,-0.332874,2.65753,0
12.1409,-0.322136,2.66118,0
12.1449,-0.311398,2.66745,0
12.1491,-0.303728,2.50611,0
12.1531,-0.289922,2.69397,0
12.1583,-0.279185,2.56439,0
12.1623,-0.266913,2.66495,0
12.1676,-0.254641,2.59964,0
12.1718,-0.242369,2.6568,0
12.1758,-0.230097,2.73919,0
12.1811,-0.219359,2.6001,0
12.1851,-0.207087,2.69398,0
12.1903,-0.19635,2.56425,0
12.1946,-0.184078,2.62903,0
12.1986,-0.171806,2.71636,0
12.2038,-0.159534,2.6405,0
12.2078,-0.147262,2.72599,0
12.2131,-0.136524,2.58985,0
12.2171,-0.122718,2.762,0
12.2211,-0.111981,2.74649,0
12.2251,-0.101243,2.73382,0
12.2291,-0.0920388,2.64725,0
12.2331,-0.079767,2.73093,0
12.2371,-0.0705631,2.64506,0
12.2411,-0.0582913,2.72979,0
12.2451,-0.0490874,2.64403,0
12.2492,-0.0398835,2.56115,0
12.2532,-0.0276117,2.66236,0
12.2584,-0.0168738,2.53902,0
12.2625,-0.00306796,2.72117,0
12.2677,0.00920388,2.64443,0
12.2719,0.0214757,2.69345,0
12.276,0.0322136,2.69125,0
12.2812,0.0444854,2.6205,0
12.2852,0.0567573,2.71045,0
12.2905,0.0674952,2.57727,0
12.2947,0.081301,2.7115,0
12.2987,0.0920388,2.70569,0
12.304,0.104311,2.63196,0
12.308,0.116583,2.71947,0
12.3132,0.12732,2.5844,0
12.3161,0.138058,2.81451,0
12.3201,0.147262,2.7118,0
12.3241,0.159534,2.78288,0
12.3281,0.170272,2.76333,0
12.3321,0.18101,2.74742,0
12.3361,0.191748,2.73456,0
12.3402,0.199418,2.5598,0
12.3442,0.210155,2.58446,0
12.3495,0.222427,2.53507,0
12.3535,0.234699,2.64134,0
12.3587,0.245437,2.52206,0
12.3616,0.256175,2.76463,0
12.3656,0.265379,2.67178,0
12.3696,0.279185,2.82772,0
12.3736,0.286854,2.64692,0
12.3777,0.299126,2.72415,0
12.3816,0.30833,2.64311,0
12.3857,0.319068,2.63549,0
12.3897,0.329806,2.64502,0
12.395,0.342078,2.58333,0
12.399,0.35435,2.68011,0
12.4042,0.366621,2.61149,0
12.4085,0.378893,2.66372,0
12.4125,0.391165,2.74796,0
12.4177,0.401903,2.60743,0
12.4217,0.414175,2.69954,0
12.427,0.426447,2.62668,0
12.4312,0.437185,2.60737,0
12.4352,0.449456,2.69857,0
12.4405,0.461728,2.62645,0
12.4445,0.474,2.7146,0
12.4497,0.486272,2.63918,0
12.4526,0.49701,2.85858,0
12.4566,0.506214,2.74672,0
12.4606,0.518486,2.81097,0
12.4646,0.526155,2.63236,0
12.4686,0.538427,2.71948,0
12.4726,0.547631,2.63566,0
12.4767,0.556835,2.555,0
12.4807,0.569107,2.65698,0
12.486,0.581379,2.59299,0
12.49,0.592117,2.61142,0
12.4952,0.602854,2.49797,0
12.4995,0.615126,2.57655,0
12.5035,0.627398,2.67407,0
12.5087,0.63967,2.60684,0
12.5127,0.651942,2.69876,0
12.518,0.664214,2.62651,0
12.5221,0.676486,2.69606,0
12.5261,0.688757,2.77044,0
12.5302,0.697961,2.6626,0
12.5344,0.707165,2.57611,0
12.5384,0.719437,2.67448,0
12.5425,0.728641,2.58573,0
12.5465,0.740913,2.68233,0
12.5506,0.750117,2.59211,0
12.5546,0.760854,2.61031,0
12.5586,0.773126,2.70169,0
12.5626,0.78233,2.62166,0
12.5679,0.796136,2.62306,0
12.5719,0.808408,2.71189,0
12.5771,0.82068,2.63719,0
12.5811,0.831418,2.64651,0
12.5864,0.845223,2.64285,0
12.5904,0.855961,2.65131,0
12.5944,0.868233,2.73464,0
12.5997,0.880505,2.64425,0
12.6037,0.891243,2.65189,0
12.609,0.903515,2.58919,0
12.613,0.915787,2.6851,0
12.617,0.928058,2.76136,0
12.621,0.938796,2.74599,0
12.625,0.948,2.65675,0
12.629,0.960272,2.73915,0
12.633,0.969476,2.65151,0
12.637,0.983282,2.8115,0
12.641,0.992486,2.70905,0
12.6451,1.00169,2.61392,0
12.6492,1.01396,2.70412,0
12.6544,1.02623,2.63071,0
12.6584,1.03851,2.71801,0
12.6636,1.05078,2.64199,0
12.6679,1.06151,2.61902,0
12.6719,1.07379,2.7082,0
12.6771,1.08606,2.63423,0
12.6811,1.0968,2.64401,0
12.6864,1.1106,2.64115,0
12.6906,1.12134,2.61823,0
12.6946,1.13361,2.71017,0
12.6999,1.14588,2.63564,0
12.7039,1.15816,2.7218,0
12.7091,1.16889,2.58541,0
12.7132,1.18117,2.66318,0
12.7172,1.19344,2.74414,0
12.7201,1.20264,2.83514,0
12.7241,1.21031,2.6517,0
12.7281,1.22258,2.73465,0
12.7321,1.23179,2.64791,0
12.7361,1.24406,2.73208,0
12.7401,1.25326,2.64562,0
12.7454,1.26553,2.58391,0
12.7494,1.27934,2.75759,0
12.7546,1.29161,2.6734,0
12.7589,1.30388,2.71676,0
12.7629,1.31616,2.78639,0
12.7681,1.32689,2.63817,0
12.7722,1.33917,2.72031,0
12.7774,1.35144,2.64447,0
12.7814,1.36371,2.73132,0
12.7854,1.37445,2.72195,0
12.7894,1.38672,2.791,0
12.7934,1.39592,2.69288,0
12.7974,1.40666,2.69106,0
12.8014,1.41586,2.61316,0
12.8054,1.42814,2.70274,0
12.8094,1.43734,2.62319,0
12.8135,1.44654,2.54491,0
12.8175,1.45728,2.57242,0
12.8228,1.47262,2.64242,0
12.8268,1.48336,2.65083,0
12.832,1.49563,2.58808,0
12.8349,1.5079,2.92415,0
12.8389,1.51711,2.79951,0
12.8429,1.52784,2.77637,0
12.8469,1.53858,2.75799,0
12.8509,1.54932,2.74315,0
12.8549,1.56006,2.73141,0
12.859,1.56773,2.55719,0
12.863,1.58153,2.7357,0
12.8683,1.59227,2.59746,0
12.8723,1.60454,2.69141,0
12.8775,1.61682,2.62072,0
12.8818,1.62755,2.602,0
12.8858,1.63983,2.69458,0
12.891,1.6521,2.62299,0
12.895,1.6659,2.78903,0
12.9003,1.67817,2.69863,0
12.9045,1.69045,2.73668,0
12.9085,1.70118,2.72583,0
12.9138,1.71346,2.64799,0
12.9178,1.72573,2.73183,0
12.923,1.73647,2.59452,0
12.9273,1.74874,2.65366,0
12.9313,1.76101,2.73561,0
12.9365,1.77328,2.65598,0
12.9405,1.78555,2.73853,0
12.9458,1.79783,2.65806,0
12.95,1.80856,2.6339,0
12.954,1.82084,2.71827,0
12.9593,1.83311,2.64203,0
12.9633,1.84538,2.7266,0
12.9685,1.85765,2.64896,0
12.9728,1.86992,2.69735,0
12.9768,1.88066,2.6941,0
12.982,1.89293,2.62269,0
12.986,1.9052,2.7119,0
12.9913,1.91594,2.57827,0
12.9955,1.92975,2.71292,0
12.9995,1.94049,2.70682,0
13.0048,1.95276,2.63296,0
13.0088,1.96503,2.71996,0
13.014,1.9773,2.64328,0
13.0183,1.98957,2.6924,0
13.0223,2.00031,2.69014,0
13.0275,2.01258,2.6197,0
13.0315,2.02485,2.70951,0
13.0368,2.03713,2.63502,0
13.0409,2.04786,2.62688,0
13.0449,2.06167,2.7937,0
13.0503,2.07241,2.63458,0
13.0543,2.08468,2.7211,0
13.0596,2.09542,2.58385,0
13.0637,2.10769,2.66614,0
13.0677,2.11996,2.7462,0
13.073,2.13223,2.65342,0
13.077,2.14604,2.8132,0
13.0823,2.15831,2.7186,0
13.0864,2.16905,2.69461,0
13.0904,2.18132,2.76928,0
13.0958,2.19359,2.6718,0
13.0998,2.20586,2.75134,0
13.105,2.2166,2.61006,0
13.1091,2.22887,2.70133,0
13.1143,2.24115,2.62848,0
13.1184,2.25342,2.69835,0
13.1224,2.26722,2.84828,0
13.1277,2.27796,2.68761,0
13.1317,2.29023,2.76384,0
13.1369,2.30251,2.67848,0
13.1412,2.31478,2.72015,0
13.1452,2.32705,2.78971,0
13.1504,2.33932,2.69926,0
13.1544,2.35159,2.77254,0
13.1597,2.3608,2.56866,0
13.1639,2.37307,2.63297,0
13.1679,2.38534,2.71921,0
13.1732,2.39761,2.6426,0
13.1772,2.40835,2.65084,0
13.1824,2.42062,2.58825,0
13.1867,2.43289,2.64837,0
13.1907,2.44517,2.73199,0
13.1959,2.45744,2.65309,0
13.1999,2.46971,2.73622,0
13.2052,2.48198,2.65621,0
13.2094,2.49425,2.70301,0
13.2134,2.50652,2.77538,0
13.2187,2.51726,2.62929,0
13.2227,2.52953,2.71702,0
13.2279,2.54181,2.64094,0
13.2322,2.55254,2.6183,0
13.2362,2.56482,2.70793,0
13.2414,2.57709,2.63376,0
13.2454,2.58936,2.7206,0
13.2507,2.60163,2.64397,0
13.2549,2.6139,2.69308,0
13.2589,2.62618,2.76776,0
13.2642,2.63691,2.62303,0
13.2682,2.64918,2.71202,0
13.2734,2.66146,2.63703,0
13.2777,2.67373,2.68767,0
13.2817,2.686,2.76326,0
13.2869,2.69674,2.61975,0
13.291,2.70901,2.70241,0
13.2962,2.72128,2.6332,0
13.3003,2.73202,2.62693,0
13.3043,2.74429,2.71514,0
13.3097,2.75503,2.57159,0
13.3137,2.7673,2.6707,0
13.319,2.77957,2.60415,0
13.323,2.79185,2.69691,0
13.3282,2.80412,2.62485,0
13.3323,2.81485,2.62063,0
13.3363,2.82713,2.70995,0
13.3416,2.8394,2.63546,0
13.3456,2.85167,2.72164,0
13.3508,2.86241,2.58638,0
13.3551,2.87621,2.71864,0
13.3591,2.88695,2.71207,0
13.3643,2.89922,2.6368,0
13.3683,2.9115,2.72319,0
13.3736,2.92223,2.58754,0
13.3778,2.93451,2.64765,0
13.3818,2.94678,2.73141,0
13.3871,2.95905,2.65263,0
13.3911,2.96979,2.65873,0
13.3963,2.98359,2.65312,0
13.4006,2.99586,2.70013,0
13.4046,3.0066,2.69647,0
13.4098,3.01887,2.62466,0
13.4138,3.03115,2.71317,0
13.4191,3.04342,2.63795,0
13.4233,3.05416,2.61615,0
13.4273,3.06643,2.70559,0
13.4326,3.07717,2.57362,0
13.4366,3.08944,2.67233,0
13.4418,3.10018,2.54684,0
13.4461,3.11245,2.61552,0
13.4501,3.12472,2.70555,0
13.4553,3.13699,2.63176,0
13.4593,3.14773,2.64204,0
13.4646,3.16,2.58113,0
13.4688,3.17227,2.64227,0
13.4728,3.18301,2.65111,0
13.4781,3.19528,2.58829,0
13.4821,3.20602,2.60726,0
13.4874,3.21829,2.55322,0
13.4916,3.23056,2.62035,0
13.4956,3.24284,2.70972,0
13.5008,3.25511,2.63519,0
13.5048,3.26738,2.72159,0
13.5101,3.27965,2.64467,0
13.5143,3.29039,2.62117,0
13.5184,3.30266,2.71007,0
13.5236,3.31647,2.69399,0
13.5276,3.3272,2.69222,0
13.5329,3.33948,2.62101,0
13.5371,3.35175,2.67458,0
13.5411,3.36402,2.75264,0
13.5464,3.37629,2.66988,0
13.5504,3.38856,2.74919,0
13.5556,3.3993,2.60818,0
13.5597,3.41157,2.68198,0
13.5637,3.42385,2.75872,0
13.5691,3.43458,2.60652,0
13.5731,3.44532,2.62197,0
13.5784,3.45759,2.56498,0
13.5826,3.46986,2.63003,0
13.5866,3.48214,2.71716,0
13.5919,3.49441,2.64105,0
13.5959,3.50668,2.72628,0
13.6011,3.51895,2.64861,0
13.6054,3.52969,2.62443,0
13.6094,3.54196,2.71268,0
13.6146,3.55423,2.63738,0
13.6186,3.56497,2.64706,0
13.6239,3.57724,2.58506,0
13.6279,3.58952,2.68164,0
13.6331,3.60179,2.61237,0
13.6372,3.61406,2.6859,0
13.6412,3.62633,2.7617,0
13.6465,3.6386,2.67668,0
13.6505,3.65087,2.75509,0
13.6557,3.66315,2.6714,0
13.66,3.67388,2.64279,0
13.664,3.68616,2.72706,0
